FirstName,LastName,Company,Address,City,State,ZIP,Phone,Fax,Email,Web"Christy","Rudolph","Howard Miller Co","2920 Dry Pine Bay Rd","Killarney","ON","P0M 2A0","705-287-8488","705-287-0745","christy@alternativepoker.com","http://www.alternativepoker.com""Amy","Penland","Hellenic Museum & Cultural Ctr","3050 rue Saint-Charles","Longueuil","QC","J4H 1M3","450-651-8076","450-651-8786","amy@gamingwild.com","http://www.gamingwild.com""Kimberly","Elrod","Douglas G Dry","3916 Horner Ave","Toronto","ON","M8W 4Y4","647-435-5243","647-435-5715","kimberly@organicfreebies.com","http://www.organicfreebies.com""Stephen","Tittle","Spiroll International Corp","4131 11th Ave","Calgary","AB","T2P 1M6","403-269-3674","403-269-7421","stephen@hostshared.com","http://www.hostshared.com""Steven","Greer","Specialty Concepts Inc","1870 Bridgeport Rd","Orangeville","ON","L9W 2C8","519-939-5737","519-939-5543","steven@quebecnewspaper.com","http://www.quebecnewspaper.com""Angel","Delgado","Seeger, Edwin H Esq","2753 Scarth Street","Montreal","QC","S4P 3Y2","514-486-5426","514-486-5534","angel@cardpalooza.com","http://www.cardpalooza.com""Luz","Peterson","Lee Schulte Eaton & Barron","2551 Robson St","Vancouver","BC","V6B 3K9","604-667-1936","604-667-7901","luz@textfiction.com","http://www.textfiction.com""James","Belt","Seaside Realty","3470 2nd Street","Lorette","MB","R0A 0Y0","204-961-9388","204-961-1873","james@animeprograms.com","http://www.animeprograms.com""Jonathan","England","Mitchel, Michael W Esq","3891 Merivale Road","Stittsville","ON","K2S 1B9","613-831-6241","613-831-2633","jonathan@downloadtxt.com","http://www.downloadtxt.com""Gregg","Dietrich","Williams Jamal Ltd","3106 rue des Églises Est","Belleterre","QC","J0Z 1L0","819-722-9681","819-722-6656","gregg@tutoringindustry.com","http://www.tutoringindustry.com""Billy","Coffey","Peterson, Charles T Esq","1025 Boulevard Cremazie","Quebec","QC","G1R 1B8","418-692-0596","418-692-9851","billy@addictedgolfer.com","http://www.addictedgolfer.com""Frank","Clemons","Maine, Michael R Esq","1980 James Street","Burnaby","BC","V5G 1J9","604-422-8292","604-422-3231","frank@invisiblegame.com","http://www.invisiblegame.com""James","Dougherty","Imar Industries","3412 St. John Street","Abernethy","SK","S4P 3Y2","306-333-7169","306-333-7081","james@selfbattery.com","http://www.selfbattery.com""Jose","Wilson","Happy Plants Flowers & Gifts","2656 Princess St","Kingston","ON","K7L 1C2","613-533-1462","613-533-6894","jose@reproductiondoctors.com","http://www.reproductiondoctors.com""Jennifer","Kirk","J B V Optical Co","366 Reserve St","Keene","ON","K0L 2G0","705-295-2969","705-295-8242","jennifer@bizcrisis.com","http://www.bizcrisis.com""Curtis","Wyatt","Bashor, Ewing C Esq","396 René-Lévesque Blvd","Montreal","QC","H3B 4W8","514-885-2899","514-885-3122","curtis@luxuryprize.com","http://www.luxuryprize.com""Bertha","Elmore","Parsons, Harry O Cpa","4814 Côte Joyeuse","Lac Bouchette","QC","H0H 0H0","418-348-8448","418-348-1829","bertha@valleyupdate.com","http://www.valleyupdate.com""George","Lopez","Manhattan Welding Co Inc","1722 Kennedy Rd","Lindsay","ON","K9V 4A4","705-344-7608","705-344-9509","george@counterfeitclothes.com","http://www.counterfeitclothes.com""Linda","Dunbar","Donnega Systems Inc","2814 rue des Églises Est","Laverlochere","QC","J0Z 2P0","819-765-5190","819-765-3019","linda@northeastmi.com","http://www.northeastmi.com""Mary","Andresen","Spicers International","3227 St George Street","Vancouver","BC","V5T 1Z7","604-877-3537","604-877-1746","mary@carolinaquotes.com","http://www.carolinaquotes.com""Adrian","Mariano","Orchids","4874 St Jean Baptiste St","Havre Aux Maisons","QC","G0B 1K0","418-969-9291","418-969-1413","adrian@selfrestore.com","http://www.selfrestore.com""Rebecca","Young","Rocky Mountain Refractories","2790 Scotchmere Dr","Sarnia","ON","N7T 7T9","519-381-3378","519-381-3045","rebecca@refawards.com","http://www.refawards.com""Maria","Marcum","Evansvl Industrial Fndtn Inc","2899 40th Street","Calgary","AB","T2P 0P5","403-770-9232","403-770-9109","maria@skilledplumber.com","http://www.skilledplumber.com""Donald","Williams","Chimarusti, Wayne S Esq","3654 Lauzon Parkway","Tecumseh","ON","N8N 1L7","519-739-5831","519-739-4447","donald@virtualomaha.com","http://www.virtualomaha.com""Celia","Bush","Irwin, Debra Esq","4345 Duke Street","Montreal","QC","H3C 5K4","514-208-7173","514-208-6146","celia@celebmarketing.com","http://www.celebmarketing.com""Larry","White","On Your Feet","1062 Scotchmere Dr","Chatham","ON","N7M 5J7","519-359-1809","519-359-6493","larry@entrepreneurpulse.com","http://www.entrepreneurpulse.com""Amanda","Davis","Anderson Niebuhr & Assocs Inc","428 Reserve St","Bancroft","ON","K0L 1C0","613-442-3365","613-442-0415","amanda@dollarprotect.com","http://www.dollarprotect.com""Naomi","Bunch","Bill Brown Co","1361 rue Saint-Antoine","Drummondville","QC","J2C 1K9","819-461-0796","819-461-0271","naomi@geoconcierge.com","http://www.geoconcierge.com""Cathleen","Cornell","France Cmpsr Prod Divsn Hdqs","648 Carlson Road","Prince George","BC","V2L 5E5","250-561-2991","250-561-8648","cathleen@olemovies.com","http://www.olemovies.com""Ella","Mcclellan","Crown Court Apartments","1190 St. John Street","Alsask","SK","S4P 3Y2","306-968-5406","306-968-9427","ella@westerntunes.com","http://www.westerntunes.com""Joseph","Orourke","Islanders International Inc","2783 7th Ave","Calgary","AB","T2P 0W4","403-974-7798","403-974-2548","joseph@qeblog.com","http://www.qeblog.com""Kathleen","Jennings","Collins, Adrian A","4733 Adelaide St","Toronto","ON","M5H 1P6","416-682-3541","416-682-1687","kathleen@seekgraphics.com","http://www.seekgraphics.com""Linda","Mungo","King Motorsports","1104 Central Pkwy","Port Credit","ON","L5G 1K2","905-271-7289","905-271-0818","linda@instantfinish.com","http://www.instantfinish.com""Alejandra","Jones","Cove Condo Rentals","3899 Nootka Street","Vancouver","BC","V5M 3M5","778-834-4581","778-834-4839","alejandra@bingocollege.com","http://www.bingocollege.com""James","Connors","Texas Real Estate","4777 René-Lévesque West","Toronto","ON","H3B 1S6","647-477-1807","647-477-9995","james@healthybarbeque.com","http://www.healthybarbeque.com""Von","Blalock","Kobb, Frederick L Esq","4851 Cassells St","North Bay","ON","P1B 2Y7","705-840-8056","705-840-6463","von@aspenrewards.com","http://www.aspenrewards.com""Brenda","Elrod","Meteorite Inc","3875 Lillooet Street","Prince Albert","SK","S6V 5R4","306-981-7715","306-981-4665","brenda@transportationanalyst.com","http://www.transportationanalyst.com""Tammy","Thomas","Van Syckel Insurance","3416 Kennedy Rd","Lindsay","ON","K9V 4A4","705-359-3206","705-359-6568","tammy@robonetwork.com","http://www.robonetwork.com""Judith","Daugherty","Olsen, Byron D Esq","3185 Bay Street","Toronto","ON","M5J 2R8","416-824-0284","416-824-7295","judith@youpublic.com","http://www.youpublic.com""Kevin","Lee","Becker, Robert W Esq","3799 Holdom Avenue","Surrey","BC","V3T 4Y5","604-583-0240","604-583-9336","kevin@styleturn.com","http://www.styleturn.com""Elena","Melton","Mony/mutual Of New York","4442 rue Saint-Antoine","Drummondville","QC","J2B 1G6","819-818-5720","819-818-0112","elena@healthcarecounselor.com","http://www.healthcarecounselor.com""Jean","Myers","Haakinson & Beaty Co","563 Alness Street","Toronto","ON","M3J 2J1","416-661-3281","416-661-2495","jean@songquestions.com","http://www.songquestions.com""Howard","Robertson","International Eye Foundation","4793 St-Jerome Street","St Jerome","QC","S4P 3Y2","450-436-9062","450-436-4115","howard@movetoprovidence.com","http://www.movetoprovidence.com""Donna","Dykes","Issue Strategies Group Inc","2048 Northumberland Street","Linwood","ON","N0B 2A0","519-698-7349","519-698-4981","donna@vsauce.com","http://www.vsauce.com""Jennifer","Fraise","John K Norris Law Offices Of","3403 St Jean Baptiste St","La Pocatiere","QC","G0R 1Z0","418-856-5890","418-856-3908","jennifer@findcycling.com","http://www.findcycling.com""Paul","Simmons","Evergreen America","1101 St. Paul Street","St Catharines","ON","L2R 3B5","905-346-4334","905-346-8792","paul@gravelbags.com","http://www.gravelbags.com""Cecil","Espitia","Eppes, Sharon M Esq","2945 Brand Road","Saskatoon","SK","S7K 1W8","306-222-4643","306-222-4449","cecil@songstitle.com","http://www.songstitle.com""Perry","Howe","Sheraton Hotels","4435 Robson St","Vancouver","BC","V6B 3K9","604-891-7390","604-891-4588","perry@cincinnatitanning.com","http://www.cincinnatitanning.com""Kevin","Hague","Prins Recycling Corp","2533 Torbay Rd","St John's","NL","A1A 5E8","709-749-2665","709-749-9188","kevin@martinimobile.com","http://www.martinimobile.com""David","Johnson","Dodsons Jewelers","3542 Essendene Avenue","Abbotsford","BC","V2S 2H7","604-851-8698","604-851-5617","david@consumerdistrict.com","http://www.consumerdistrict.com""Jonathan","Goebel","Golden Bear Motel","2448 137th Avenue","Edmonton","AB","T5M 3K3","780-451-9411","780-451-6894","jonathan@rehabpatient.com","http://www.rehabpatient.com""Kristie","Taylor","Radisson Suite Htl At Riv Rdg","165 Front Street","Toronto","ON","M5J 2N1","647-280-5294","647-280-3789","kristie@centralrebates.com","http://www.centralrebates.com""James","James","Michael R Berger & Assoc Inc","3774 St Jean Baptiste St","St Camille De Bellechasse","QC","G0R 2S0","418-595-1452","418-595-2459","james@greenatmosphere.com","http://www.greenatmosphere.com""Gary","Wyatt","Aa Overhead Crane Svc Co Inc","1134 St Jean Baptiste St","Delisle","QC","G0W 1L0","418-347-5288","418-347-1663","gary@currentcomics.com","http://www.currentcomics.com""Miles","Masters","Watson, Matthew S Esq","1132 MacLaren Street","Ottawa","ON","K1P 5M7","613-238-4986","613-238-2219","miles@ecobucket.com","http://www.ecobucket.com""Michael","Clark","Thomas O Best Co Inc","4359 Island Hwy","Campbell River","BC","V9W 2L9","250-830-4774","250-830-3841","michael@golfallstars.com","http://www.golfallstars.com""Mary","Wilson","Schroer, Janet M Esq","1096 rue Garneau","Quebec","QC","G1V 3V5","418-932-8341","418-932-1065","mary@truthwater.com","http://www.truthwater.com""David","Valadez","Mcbee Loose Leaf Binders","4985 Water Street","Kitchener","ON","N2H 5A5","519-743-2835","519-743-5716","david@melbournefinancial.com","http://www.melbournefinancial.com""John","Boyd","Bender & Hatley Pc","2079 5th Avenue","Fairview","AB","T0H 1L0","780-835-3041","780-835-3465","john@redlandshouses.com","http://www.redlandshouses.com""Shirley","Mccullough","Joyce Bros Metal Works Inc","2345 Nootka Street","Vancouver","BC","V5M 3M5","778-838-3111","778-838-5206","shirley@westmontgomery.com","http://www.westmontgomery.com""Anthony","Hayes","P M Mold Company Inc","406 Merivale Road","Kanata","ON","K2K 1L9","613-280-5345","613-280-6114","anthony@arizonasprings.com","http://www.arizonasprings.com""John","Olsen","Sherwin Williams Co","3145 Fallon Drive","Harriston","ON","N0G 1Z0","519-338-6897","519-338-8424","john@sellbandwidth.com","http://www.sellbandwidth.com""Joyce","Edgar","Scritsmier, Gary L Esq","4737 Sherbrooke Ouest","Montreal","QC","H4A 1H3","514-928-8132","514-928-2683","joyce@printingmaps.com","http://www.printingmaps.com""Olive","Blackwell","Wqch Radix Broadcasting Inc","514 Pape Ave","Toronto","ON","M4E 2V5","416-712-7369","416-712-5741","olive@commonfit.com","http://www.commonfit.com""Charles","Massie","Fort Caspar Museum","3839 Nelson Street","Blind River","ON","P0R 1B0","705-356-1873","705-356-8783","charles@albuquerquetownhomes.com","http://www.albuquerquetownhomes.com""Marilyn","Marlar","Friedlob Sanderson Raskin","2364 Leslie Street","Newmarket","ON","L3Y 2A3","905-967-8223","905-967-0528","marilyn@detroitpaintball.com","http://www.detroitpaintball.com""David","Trombetta","Tecsys Us Inc","4439 Victoria Park Ave","Toronto","ON","M2J 3T7","416-495-0902","416-495-0662","david@dollarmenus.com","http://www.dollarmenus.com""Jason","Ogle","Kalmans, Patricia A Esq","4170 Albert Street","Hodgeville","SK","S4P 3Y2","306-677-7836","306-677-4065","jason@babyitemrecalls.com","http://www.babyitemrecalls.com""Lisa","Chandler","Rapid Trading Intl","234 Reserve St","Maynooth","ON","K0L 2S0","613-338-0363","613-338-5866","lisa@millscrossing.com","http://www.millscrossing.com""Jason","Mccray","Oil Filter Service Co","469 Yonge Street","Toronto","ON","M4W 1J7","416-323-6147","416-323-5154","jason@beveragebuggy.com","http://www.beveragebuggy.com""Kelli","Wozniak","Kohlhase, William R Esq","74 102nd Avenue","Lakeview Heights","BC","V1Z 1K2","250-769-5974","250-769-5486","kelli@safetymedic.com","http://www.safetymedic.com""Ronald","Gerling","Yankee Engineuity","4975 Port Washington Road","Canmore","AB","T0L 0M0","403-609-9365","403-609-7786","ronald@directoryrates.com","http://www.directoryrates.com""Larry","Carranza","American Hrt Assn In Afflt Inc","4672 Birkett Lane","Brantford","ON","N3T 2Z8","519-861-1869","519-861-9097","larry@dentalseats.com","http://www.dentalseats.com""Ayana","Starkey","Kifco Inc","3754 Heritage Drive","Calgary","AB","T2V 2W2","403-301-5361","403-301-9202","ayana@awakeningmoments.com","http://www.awakeningmoments.com""Charles","Elliott","Eastwick & Rose","3634 Hammarskjold Dr","Burnaby","BC","V5B 3C9","604-473-5257","604-473-2701","charles@predictionpro.com","http://www.predictionpro.com""Sandra","Neil","Mediq Mobile X Ray & Ekg","4990 Reserve St","Eganville","ON","K0J 1T0","613-628-0602","613-628-6798","sandra@voipchats.com","http://www.voipchats.com""Michael","Ward","Palmer Highway Church Of God","2357 Baker Street","London","ON","N0N 0N0","519-646-5560","519-646-9654","michael@faithadvisor.com","http://www.faithadvisor.com""Thomas","Victoria","Miller Paint Co","1720 Carling Avenue","Ottawa","ON","K1Z 7B5","613-769-0393","613-769-1452","thomas@secondmoms.com","http://www.secondmoms.com""Deborah","Newman","Boyce, Albert G Esq","2010 Elizabeth St","Toronto","ON","M5G 2J5","416-673-2543","416-673-0336","deborah@helloemail.com","http://www.helloemail.com""Clair","Abbott","Data Set Cable Co","1869 49th Avenue","Clyde River","NT","X0A 0E0","867-924-4064","867-924-2974","clair@tvchronicle.com","http://www.tvchronicle.com""Christopher","Curtis","Deblasis, Samuel J Ii","1928 Promenade du Portage","Hull","QC","S4P 3Y2","819-771-7918","819-771-5903","christopher@financialdeposit.com","http://www.financialdeposit.com""Brenda","Munoz","Beaman, Colleen B Esq","2885 Whiskey Cove Road","Klemtu","BC","V0T 1L0","250-839-7743","250-839-6691","brenda@literacychannel.com","http://www.literacychannel.com""Paul","Tramel","Morse Industrial Corp","2605 Kinchant St","Kamloops","BC","V2S 5R8","250-434-5576","250-434-9229","paul@limitlaws.com","http://www.limitlaws.com""Stephanie","Walters","Pacific Western Systems","3494 Scotts Lane","Okanagan Mission","BC","V0R 1S0","250-764-0918","250-764-4988","stephanie@soapscripts.com","http://www.soapscripts.com""Shannon","Payne","Utah Youth Soccer Assoc","4259 90th Avenue","Morrin","AB","T0J 2B0","403-772-1666","403-772-1978","shannon@wetlesswash.com","http://www.wetlesswash.com""Francisco","Roussel","Ace Federal Reporters Inc","1608 40th Street","Calgary","AB","T2P 2V7","403-538-4308","403-538-7321","francisco@bowlingcourse.com","http://www.bowlingcourse.com""Laura","Castillo","Fixtures West","455 Port Washington Road","Wrentham","AB","T0K 2P0","403-222-9946","403-222-3907","laura@sisterblog.com","http://www.sisterblog.com""Douglas","Duncan","Shaw, Gerald M Esq","64 A Avenue","Edmonton","AB","T5J 0K7","780-415-4437","780-415-6422","douglas@sourcebuster.com","http://www.sourcebuster.com""Stephen","Renteria","Laczko, John P Esq","1474 Rue De La Gare","Mistassini","QC","G8M 2Z2","418-518-4341","418-518-4874","stephen@strongbands.com","http://www.strongbands.com""Charles","Kent","Community Affairs","13 Maynard Rd","Calgary","AB","T2E 6J8","403-921-8759","403-921-6174","charles@doggycostume.com","http://www.doggycostume.com""Robert","Doughty","Eckenrod, Bill","3538 Dundas St","London","ON","N6B 3L5","519-871-8680","519-871-3871","robert@toolbrush.com","http://www.toolbrush.com""Stella","Murray","Denton And Cary","2356 St. Paul Street","Niagara Falls","ON","L2E 4E6","905-371-1830","905-371-2842","stella@expenseplan.com","http://www.expenseplan.com""Pearl","Hansen","Cavalier Products Inc","1236 Robson St","Vancouver","BC","V6B 3K9","604-979-5463","604-979-2394","pearl@robopics.com","http://www.robopics.com""Ron","Tucci","Kettle Creek Yacht Svc Corp","1178 Port Washington Road","Crossfield","AB","T0M 0S0","403-946-8558","403-946-1817","ron@greatfail.com","http://www.greatfail.com""Rose","Chavez","Hi Country Ribbons","4761 Merton Street","Toronto","ON","M1L 3K7","416-525-2287","416-525-5953","rose@instantfinish.com","http://www.instantfinish.com""Roy","Newell","Texas Stat Tx Emplmnt Comm Ofc","886 Blanshard","Victoria","BC","V8W 2H9","250-661-9109","250-661-4953","roy@tagbull.com","http://www.tagbull.com""Paula","Turner","Press Herald","3020 Papineau Avenue","Montreal","QC","H2K 4J5","514-827-9459","514-827-7481","paula@settlementcontracts.com","http://www.settlementcontracts.com""Michael","Reed","Bio Huma Netics","3589 rue Fournier","St-Jerome","QC","J7Z 5T3","450-694-3457","450-694-7905","michael@landshows.com","http://www.landshows.com""Alexander","Smalley","Amwest Video Sec Systems Inc","1856 Adelaide St","Toronto","ON","M5H 1P6","416-392-6794","416-392-1951","alexander@privateexam.com","http://www.privateexam.com""Vincent","Deyoung","Aronson, Robin E Esq","2489 rue Saint-Antoine","Granby","QC","J2G 4W7","450-830-8539","450-830-4189","vincent@replacementrate.com","http://www.replacementrate.com""Daniel","Santos","Simplex Paper Box Corp","390 Silver St","Cobalt","ON","P0J 1C0","705-679-8344","705-679-0043","daniel@mesotheliomacounseling.com","http://www.mesotheliomacounseling.com""Ellen","Covington","Maran Wurzell Glass & Mirror","2568 St Jean Baptiste St","Mont Louis","QC","G0E 1T0","418-797-2190","418-797-2632","ellen@creditsplash.com","http://www.creditsplash.com""Walter","Reed","Fabe Associates","3329 9th Ave","Lethbridge","AB","T1J 2J7","403-892-5800","403-892-4468","walter@centralcoach.com","http://www.centralcoach.com""John","Dickerson","Bodow Antonucci & Fintel Llc","1827 Yoho Valley Road","Invermere","BC","V0A 1K0","250-270-6736","250-270-0876","john@purpleadvertising.com","http://www.purpleadvertising.com""Dennis","Johnson","Bmh Equipment Inc","2389 Manitoba Street","North Bay","ON","P1B 2Y8","705-223-9764","705-223-5116","dennis@melei.com","http://www.melei.com""Cortney","Lee","Schmitt, Roger R Esq","2755 Bayfield St","Barrie","ON","L4M 4S7","705-795-7050","705-795-4579","cortney@salmonsales.com","http://www.salmonsales.com""Melissa","Townsend","Williams Hammond Moore","2678 René-Lévesque Blvd","Montreal","QC","H3B 4W8","514-573-9378","514-573-0401","melissa@clubserve.com","http://www.clubserve.com""William","Mcdaniel","Umlauf, Roy A Esq","682 Venture Place","Swan Hills","AB","T0G 2C0","780-333-9560","780-333-3938","william@vegetablebread.com","http://www.vegetablebread.com""Mary","Gaskins","Ford, Deridre D Esq","3991 40th Street","Calgary","AB","T2P 2V7","403-538-9962","403-538-6487","mary@iseparate.com","http://www.iseparate.com""Cleo","Alvarez","Coast To Coast Analytical","4367 Maynard Rd","Calgary","AB","T2E 6J8","403-829-9234","403-829-6697","cleo@pokerprotocol.com","http://www.pokerprotocol.com""Wanda","Liptak","Tropics Restaurant Holiday Inn","4650 George Street","Peterborough","ON","K9H 2L1","705-755-4735","705-755-2009","wanda@taxiseek.com","http://www.taxiseek.com""Phyllis","Owens","Ternes Ofc Equip & Statnry Inc","1971 Rose Street","Regina","SK","S4P 3V2","306-591-9916","306-591-0867","phyllis@fundraisingarticles.com","http://www.fundraisingarticles.com""Dorothy","Wilfong","Grimm, William R Esq","1388 Water Street","Kitchener","ON","N2H 5A5","519-576-7145","519-576-9761","dorothy@towelcentral.com","http://www.towelcentral.com""Justine","Martinez","Frances Weathereds Sun Vly","3718 Queens Bay","Salmo","BC","V0G 1Z0","250-357-1647","250-357-8528","justine@societyblogger.com","http://www.societyblogger.com""Arthur","Dickert","Bensons Steak House","4101 Lynden Road","Queensville","ON","L0G 1R0","905-478-4832","905-478-1954","arthur@rockmutual.com","http://www.rockmutual.com""Dorothy","Copple","Hinds Instruments Inc","1298 Higginsville Road","Waverley","NS","B0N 2S0","902-576-3766","902-576-4012","dorothy@anxietyasthma.com","http://www.anxietyasthma.com""Violet","Wilson","Miller, Craig D Esq","370 Nelson Street","Nobel","ON","P0G 1G0","705-342-9249","705-342-4622","violet@notebookessentials.com","http://www.notebookessentials.com""Laura","Eagan","Waltons Carson Gardens","4019 Glover Road","Langley","BC","V3A 4P6","778-241-6769","778-241-6425","laura@sportsbooksreport.com","http://www.sportsbooksreport.com""Wade","Lopez","Dowd, Edward J Esq","4958 102nd Avenue","Salmon Valley","BC","V1V 1V1","250-971-8968","250-971-3784","wade@sweatbag.com","http://www.sweatbag.com""Mary","Vallee","Robbins Tozer & Nilon","1353 Rue De La Gare","Chibougamau","QC","G8P 1P1","418-770-0775","418-770-9785","mary@stadiumpromotions.com","http://www.stadiumpromotions.com""Amber","Parsons","Cafe Romano Inc","1151 Tanner Street","Vancouver","BC","V5R 2T4","604-454-7420","604-454-8287","amber@searchdresses.com","http://www.searchdresses.com""Cynthia","Reid","R & R Services Inc","4803 Papineau Avenue","Montreal","QC","H2K 4J5","514-880-5516","514-880-7115","cynthia@camerastats.com","http://www.camerastats.com""David","Rencher","Lk Geneva Woodlands Condos","1073 Robson St","Vancouver","BC","V6B 3K9","604-605-9950","604-605-7416","david@fastfooddining.com","http://www.fastfooddining.com""Charlotte","May","Ames Stationers","3607 Park Ct","Onoway","AB","T0E 1V0","780-967-0571","780-967-2042","charlotte@rawmetrics.com","http://www.rawmetrics.com""Bernice","Rojas","Walker Flynn Cpa Pc","2938 Cassells St","North Bay","ON","P1B 2Y7","705-474-1105","705-474-0612","bernice@investmentrental.com","http://www.investmentrental.com""Dorothy","Ochoa","Bens Bargain Barn Inc","1914 Northumberland Street","New Hamburg","ON","N0B 2G0","519-662-0557","519-662-4547","dorothy@paperreport.com","http://www.paperreport.com""Peter","Jaeger","Periwinkle Productions","1874 Nelson Street","Batchawana Bay","ON","P0S 1A0","705-882-8469","705-882-2163","peter@testpixel.com","http://www.testpixel.com""Ben","Goodson","Jamieson, Gregory A Esq","2453 Albert Street","Hafford","SK","S4P 3Y2","306-549-5662","306-549-2852","ben@athomedaddy.com","http://www.athomedaddy.com""Cherrie","Lyons","Mai Nutritional Svcs","2624 Galts Ave","Red Deer","AB","T4N 2A6","403-318-0178","403-318-7521","cherrie@publicmining.com","http://www.publicmining.com""Linda","Goodrow","Hldy Inn Sw Vkg Rstrnt","3814 Hardy Street","Kelowna","BC","V1Y 8H2","250-869-7070","250-869-0004","linda@losecash.com","http://www.losecash.com""Suzette","Gutierrez","Rocky Mtn Artfl Limb & Brace","2663 Blanshard","Victoria","BC","V8W 2H9","250-896-3832","250-896-4662","suzette@blogrehab.com","http://www.blogrehab.com""Jacquelin","Christmas","Agri Business Insurance Agency","4618 Carling Avenue","Ottawa","ON","K1Z 7B5","613-203-2029","613-203-3391","jacquelin@hersatisfaction.com","http://www.hersatisfaction.com""William","Cortez","Harleysville Natl Bnk & Trst","2041 Carling Avenue","Ottawa","ON","K1Z 7B5","613-862-6068","613-862-8192","william@spanglishrestaurant.com","http://www.spanglishrestaurant.com""Corrinne","Ashurst","Armon Communications","1190 St Marys Rd","Winnipeg","MB","R3C 0C4","204-955-0600","204-955-5223","corrinne@webmargin.com","http://www.webmargin.com""Christopher","Allbritton","Whitbeck, Carl G Jr","3124 Robson St","Vancouver","BC","V6B 3K9","604-667-3001","604-667-8275","christopher@funeralshow.com","http://www.funeralshow.com""Patrick","Patterson","Orthotic & Prosthetic Splty","1274 Lake City Way","Burnaby","BC","V5A 2Z6","778-899-0898","778-899-5506","patrick@spectacularnames.com","http://www.spectacularnames.com""Juan","Reese","Rose Del Insurance Services","1114 5th Avenue","Meander River","AB","T0H 2P0","780-535-4300","780-535-1249","juan@capitalmile.com","http://www.capitalmile.com""Alicia","Cordoba","Mail Boxes Etc","1142 184th Street","Edmonton","AB","T5J 2R4","780-983-9583","780-983-9401","alicia@mechanicalarm.com","http://www.mechanicalarm.com""Carol","Mazzarella","Florida Baptist Credit Union","2102 40th Street","Calgary","AB","T2E 6X1","403-371-4641","403-371-5187","carol@staffprofiles.com","http://www.staffprofiles.com""Monique","Craig","Applied Graphics Inc","2434 White Point Road","Digby","NS","B0V 1A0","902-249-6585","902-249-4778","monique@infoloss.com","http://www.infoloss.com""Beverly","Boynton","Gordon S Black Corp","2884 Kennedy Rd","Peterborough","ON","K9J 7K6","705-931-9667","705-931-7719","beverly@dormdaily.com","http://www.dormdaily.com""John","Parks","Costello Zachary Body Wks Inc","2430 MacLaren Street","Ottawa","ON","K1P 5M7","613-580-4510","613-580-3305","john@babyitemrecalls.com","http://www.babyitemrecalls.com""Gerard","Barros","Pcp Champion","3815 Pearl Street","Streetsville","ON","L5M 1X2","905-542-6878","905-542-4235","gerard@tuneslounge.com","http://www.tuneslounge.com""Kevin","Kelly","A J Graphics","3590 Shaughnessy St","Port Coquitlam","BC","V3C 4S7","604-927-2357","604-927-2558","kevin@ridingtall.com","http://www.ridingtall.com""Anna","Foster","Personal Christianity Chapel","2068 Eglinton Avenue","Toronto","ON","M4P 1A6","647-401-4799","647-401-5422","anna@cardlookup.com","http://www.cardlookup.com""Gary","Garcia","Kos, Edmund P Esq","4670 Toy Avenue","Oshawa","ON","L1G 6Z8","905-244-9837","905-244-5678","gary@technologyblogging.com","http://www.technologyblogging.com""William","Milam","T W Dick Co","1045 St Jean Baptiste St","Ferland","QC","G0V 1H0","418-676-3381","418-676-8927","william@socceralerts.com","http://www.socceralerts.com""Warren","Davis","Baillie Lumber Co Inc","126 Halsey Avenue","Toronto","ON","M3B 2W6","416-331-5515","416-331-1412","warren@estoredirectory.com","http://www.estoredirectory.com""Helen","Iddings","Agris Corporation","4993 St Jean Baptiste St","Chateau Richer","QC","G0A 1N0","418-824-2474","418-824-2333","helen@foreclosurestates.com","http://www.foreclosurestates.com""Noemi","Mathewson","Pet Supplies Plus","2619 rue des Églises Est","Ferme Neuve","QC","J0W 1C0","819-587-8591","819-587-7271","noemi@facezit.com","http://www.facezit.com""Jeffrey","Myers","Sorensen, Michael R Esq","4757 Silver St","Cobalt","ON","P0J 1C0","705-679-1869","705-679-1335","jeffrey@mediascams.com","http://www.mediascams.com""Lessie","Mcelroy","Manning, Thomas J Jr","3404 St. John Street","Bienfait","SK","S4P 3Y2","306-388-0461","306-388-4979","lessie@namethefilm.com","http://www.namethefilm.com""Susan","Harris","Crisafulli Bros Plbg & Htg","1772 Beaver Creek","Thornhill","ON","L4J 1W2","905-709-8611","905-709-0178","susan@crimecorner.com","http://www.crimecorner.com""Audrey","Lacey","Rebel Inc","1614 184th Street","Edmonton","AB","T5J 2R4","780-485-4109","780-485-4579","audrey@shuttlebiz.com","http://www.shuttlebiz.com""Sean","Flores","Strathman, Lawrence C Md","4282 Halsey Avenue","Toronto","ON","M3B 2W6","416-390-6736","416-390-4152","sean@researchroots.com","http://www.researchroots.com""Marguerite","Franklin","Odonnell Isuzu","3691 Victoria Park Ave","Toronto","ON","M4A 2M5","416-759-2668","416-759-1581","marguerite@mydisguise.com","http://www.mydisguise.com""Kevin","France","Soll, Stephen M Md","80 Thurston Dr","Ottawa","ON","K1P 5G8","613-482-3347","613-482-7892","kevin@biggerrewards.com","http://www.biggerrewards.com""Joseph","Foster","Carolina Grill","1506 Islington Ave","Toronto","ON","M9V 2X5","416-561-9011","416-561-1877","joseph@librarycds.com","http://www.librarycds.com""Ruthie","Griffith","Home Nursery West County Stock","371 40th Street","Calgary","AB","T2E 7T6","403-291-5587","403-291-1414","ruthie@rollcalling.com","http://www.rollcalling.com""Laverne","Franks","Barry Michael Grant Cpa Pc","1083 Ganges Road","Victoria","BC","V0S 1M0","250-652-5449","250-652-5114","laverne@boisesportinggoods.com","http://www.boisesportinggoods.com""Lisa","Johnston","Holland, Timothy J Esq","4168 A Avenue","Edmonton","AB","T5J 0K7","780-427-7070","780-427-0968","lisa@spectacularnames.com","http://www.spectacularnames.com""Debra","Goldberg","Peters Fuller Rush Farnsworth","1996 Albert Street","Kitchener","ON","N2L 3V2","519-746-8283","519-746-3541","debra@ceotrainer.com","http://www.ceotrainer.com""Eric","Hunter","Standard Cap & Seal Inc","4917 Smith Avenue","Hamilton","ON","L9H 1E6","905-518-3157","905-518-9592","eric@greatermargins.com","http://www.greatermargins.com""Boyce","Burgos","Mcnair & Sanford Pa","1250 rue Parc","Sherbrooke","QC","J1L 1C9","819-349-7186","819-349-5793","boyce@golferlists.com","http://www.golferlists.com""Lan","Capps","General Drug And Chemical Corp","1822 Burdett Avenue","Kitimat","BC","V8C 1G3","250-639-6540","250-639-9645","lan@bettingcrew.com","http://www.bettingcrew.com""Mark","Halsey","Kiefer, Steve","1311 Jasper Avenue","Edmonton","AB","T5J 3N2","780-242-7860","780-242-0146","mark@animetips.com","http://www.animetips.com""Brian","Probst","Classic Swing Rite","3415 Duke Street","Montreal","QC","H3C 5K4","514-239-0776","514-239-9248","brian@solarreference.com","http://www.solarreference.com""Cindy","Toler","National Media Inc","3616 Bragg Road","Springhill","NS","B0M 1X0","902-763-1331","902-763-8745","cindy@birthroom.com","http://www.birthroom.com""Alexander","Kelly","Yuhas Beryl Associates","4001 Galts Ave","Red Deer","AB","T4N 2A6","403-309-4595","403-309-2005","alexander@pranksearch.com","http://www.pranksearch.com""Kathleen","Raymond","Fogel, Jo Benson Esq","1100 Tycos Dr","Toronto","ON","M5T 1T4","416-591-2217","416-591-9398","kathleen@divorceannouncement.com","http://www.divorceannouncement.com""Paul","Lee","Graphics Research","4001 Woodvale Drive","Harrietsville","ON","N0L 1N0","519-269-6273","519-269-8914","paul@oldarena.com","http://www.oldarena.com""Christina","Matteson","Computer Advantage Inc","4498 Leduc Street","St Eugene","ON","K0B 1P0","613-674-5147","613-674-3978","christina@employmentassurance.com","http://www.employmentassurance.com""Pablo","Robert","Martin, Ameeta B Md","2313 7th Ave","Calgary","AB","T2P 0W4","403-726-7474","403-726-6392","pablo@premiumbranch.com","http://www.premiumbranch.com""Pamela","Longacre","Court Square Breakfast & Deli","3028 Carling Avenue","Ottawa","ON","K1Z 7B5","613-769-0270","613-769-4963","pamela@trustedcleaners.com","http://www.trustedcleaners.com""Rosie","Smith","Vogel, Charles G Esq","2077 Wallace Street","Nanaimo","BC","V9R 3A8","250-713-7329","250-713-4609","rosie@greenpreserve.com","http://www.greenpreserve.com""Rodney","Wiggin","Haggerty Donohue & Monaghan P","1766 Lock Street","Guelph","ON","N1H 4E5","519-341-3439","519-341-9007","rodney@giftcardchat.com","http://www.giftcardchat.com""John","Hays","Cullen, Michael S Esq","1651 Glover Road","Surrey","BC","V3W 4N6","604-561-8088","604-561-2753","john@securityad.com","http://www.securityad.com""Shirly","Foster","Bramblett, Robyne Esq","1987 Scotts Lane","Tofino","BC","V0R 2Z0","250-670-6194","250-670-7476","shirly@beefalert.com","http://www.beefalert.com""Margaret","Lee","Nebraska Sign Company","4033 Eglinton Avenue","Toronto","ON","M4P 1A6","647-208-9553","647-208-0605","margaret@securedtickets.com","http://www.securedtickets.com""Grace","Cardona","Northrop Elec Systems Divsn","4271 Ontario St","St Catharines","ON","L2N 1S8","905-935-0421","905-935-9444","grace@donorrecruiter.com","http://www.donorrecruiter.com""Patricia","Gates","Kong Am 57 & Fm 93 5","3032 184th Street","Edmonton","AB","T5J 2R4","780-915-1600","780-915-0644","patricia@strengthhappens.com","http://www.strengthhappens.com""Doris","Eason","Practical Periphrals","4843 Paris St","Sudbury","ON","P3E 4N2","705-562-3149","705-562-1352","doris@jerusalempersonals.com","http://www.jerusalempersonals.com""Bertha","Baum","Caballero, Rick A Esq","1941 11th Ave","Calgary","AB","T2P 1M6","403-268-7588","403-268-0995","bertha@physicianbook.com","http://www.physicianbook.com""Michael","Hawks","Omaha Auction Center","4984 Fallon Drive","Paisley","ON","N0G 2N0","519-353-1897","519-353-8438","michael@eugeneattractions.com","http://www.eugeneattractions.com""Angel","Reed","Natl Bsbll Hall Fame & Mus Inc","4941 Barton Street","Hamilton","ON","L8P 1P8","905-730-7045","905-730-7273","angel@salespond.com","http://www.salespond.com""Richard","Davis","Alameda Shade Shop","3631 Rose Street","Regina","SK","S4P 3Y2","306-537-5844","306-537-8881","richard@instantsitter.com","http://www.instantsitter.com""Kenton","Riddle","Excelsior Enterprises Inc","338 Richmond Street","Oshawa","ON","S4P 3Y2","905-433-3658","905-433-8847","kenton@camppromo.com","http://www.camppromo.com""Michael","Chandler","Natl Cncl Educl Oprtnty Assn","4113 St. Paul Street","Niagara Falls","ON","L2E 4E6","905-356-2613","905-356-5215","michael@luxembourgrentals.com","http://www.luxembourgrentals.com""Sharon","Chancellor","One Day Surgery Center Inc","3527 Blind Bay Road","Armstrong","ON","V0E 1B0","807-982-2788","807-982-6154","sharon@guideswitch.com","http://www.guideswitch.com""John","Griffin","Pace, Richard R Esq","3374 Lake City Way","Burnaby","BC","V5A 2Z6","778-866-3243","778-866-2547","john@reservespaces.com","http://www.reservespaces.com""Freda","Loar","Landamatics International","3632 Fourth Avenue","Calgary","AB","T2P 0H3","403-619-8436","403-619-4167","freda@nameanswers.com","http://www.nameanswers.com""Joaquin","Robertson","Arpac Tool & Mold Inc","1932 Port Washington Road","Elnora","AB","T0M 0Y0","403-773-4336","403-773-7952","joaquin@automobileblogger.com","http://www.automobileblogger.com""Scott","King","Webb Designs Inc","2861 Speers Road","Oakville","ON","L6L 2X5","289-242-4149","289-242-0894","scott@getworldly.com","http://www.getworldly.com""Joanne","Walls","Taibl, William E Esq","494 Wascana Parkway","Regina","SK","S4S 2R3","306-777-6651","306-777-5689","joanne@egosave.com","http://www.egosave.com""James","Walker","Electronic Plating Service Inc","950 Rogers Road","Toronto","ON","M6E 1R1","416-658-0526","416-658-1055","james@affiliateloyalty.com","http://www.affiliateloyalty.com""Fredrick","Hazen","Kennedy, Karen Esq","1818 Main St","Brandon","MB","R7A 5Y1","204-720-0067","204-720-9108","fredrick@replacementrate.com","http://www.replacementrate.com""John","Joslin","Mar Jon Contractors Inc","2737 Venture Place","Slave Lake","AB","T0G 2A2","780-843-4970","780-843-2963","john@sourcingwire.com","http://www.sourcingwire.com""Elmer","Alligood","Esposito, Vincent Md","1578 Hastings Street","Vancouver","BC","V6C 1B4","604-783-1317","604-783-3812","elmer@recruitingroom.com","http://www.recruitingroom.com""Rina","Wicker","Rim Forest Lumber Co","2485 Fallon Drive","Blenheim","ON","N0P 1A0","519-676-0409","519-676-5745","rina@gamingcloset.com","http://www.gamingcloset.com""Calvin","Arnold","Jim Hall Racing Inc","3563 Rogers Road","Toronto","ON","M6E 1R1","416-657-8664","416-657-7769","calvin@salonjournal.com","http://www.salonjournal.com""Gloria","Wallace","T M Byxbee Company Pc","1773 Park Ct","Cadomin","AB","T0E 0E0","780-692-6101","780-692-4144","gloria@basketballwatch.com","http://www.basketballwatch.com""Francis","Hunt","Powerhouse Equip & Eng Co Inc","1110 St Marys Rd","Winnipeg","MB","R3C 0C4","204-298-6530","204-298-4779","francis@pickinvestments.com","http://www.pickinvestments.com""Ella","Tillman","Neste Wright Asphalt Prod Co","2445 Front Street","Toronto","ON","M5J 2N1","416-294-6970","416-294-0775","ella@navigationdashboard.com","http://www.navigationdashboard.com""Cory","Milligan","Boardman Steel Inc","1114 Yonge Street","Toronto","ON","M4W 1J7","416-804-5602","416-804-2497","cory@cartcleaning.com","http://www.cartcleaning.com""Joseph","Canfield","Donovan, William P Esq","4254 Adelaide St","Toronto","ON","M5H 1P6","416-980-5089","416-980-1119","joseph@filedeal.com","http://www.filedeal.com""Paul","Rapp","Valley Saw Service Inc","595 Water Street","Kitchener","ON","N2H 5A5","519-580-1822","519-580-1945","paul@ideabulletin.com","http://www.ideabulletin.com""James","Schwartz","Strasburger & Price Llp","4555 Glencoe Drive","Change Islands","NL","A1C 5H6","709-621-6560","709-621-2212","james@majorad.com","http://www.majorad.com""Josh","Brown","Albert, Joseph G Esq","662 Islington Ave","Toronto","ON","M9V 2X5","416-741-4633","416-741-0412","josh@greensettings.com","http://www.greensettings.com""Rebecca","Smith","Quality Chem Products","2229 50th Avenue","Whitecourt","AB","T7S 1A1","780-204-6323","780-204-0319","rebecca@tickseason.com","http://www.tickseason.com""Stacy","Bryant","Troicka Inc","4319 Mesa Vista Drive","Forest Grove","BC","V0K 1M0","250-397-3947","250-397-0307","stacy@assuranceagents.com","http://www.assuranceagents.com""Dorothy","Wilbur","A 1 Pallet Recyclers Lic","4743 Orenda Rd","Brampton","ON","L6W 1Z2","905-452-0848","905-452-2852","dorothy@naturepreview.com","http://www.naturepreview.com""Eric","Foster","Calf News Magazine","282 Islington Ave","Toronto","ON","M8V 3B6","416-259-5882","416-259-9401","eric@stlouiscarwash.com","http://www.stlouiscarwash.com""Callie","Martine","Allison Mfg Co","1440 49th Avenue","Paulatuk","NT","X0E 1N0","867-580-5242","867-580-6042","callie@optimumworkout.com","http://www.optimumworkout.com""Albertha","Arnwine","Perry, Mark A Esq","4684 Rose Street","Regina","SK","S4P 3Y2","306-995-5525","306-995-3559","albertha@boulderzoo.com","http://www.boulderzoo.com""Latanya","Griffin","Brain Power Inc","957 Tchesinkut Lake Rd","Telegraph Creek","BC","V0J 2W0","250-235-2803","250-235-8773","latanya@nosalary.com","http://www.nosalary.com""Ruby","Meeker","Miles Inc Agriculture Division","861 MacLaren Street","Ottawa","ON","K1P 5M7","613-227-3517","613-227-8231","ruby@theftpolicy.com","http://www.theftpolicy.com""Chris","Wallen","Jones Exhaust Systems","3489 chemin Hudson","Montreal","QC","H4J 1M9","514-264-1128","514-264-5461","chris@jacksonvilledrycleaner.com","http://www.jacksonvilledrycleaner.com""Dolores","Littell","Rahway Lumber Co Inc","63 Lake City Way","Burnaby","BC","V5A 2Z6","604-803-5493","604-803-8185","dolores@fundraisinglessons.com","http://www.fundraisinglessons.com""Diane","Davis","Belden Brick Co","4528 Old Spallumcheen Rd","Hedley","BC","V0X 1K0","250-292-5037","250-292-0262","diane@consultingnurse.com","http://www.consultingnurse.com""Elaine","Sullivan","Meridian Education Corp","3744 Nelson Street","Manitouwadge","ON","P0T 2C0","807-872-5448","807-872-6197","elaine@employmentassurance.com","http://www.employmentassurance.com""Kara","Bostic","Shivers, Gregg A Esq","1013 Lauzon Parkway","Windsor","ON","N9A 7A2","519-566-5833","519-566-4818","kara@choosecode.com","http://www.choosecode.com""John","Walls","United Way Of Southwestern","924 Bridgeport Rd","Hamilton","ON","L9A 4V3","905-383-6818","905-383-7599","john@geneblogs.com","http://www.geneblogs.com""George","Kohl","Harbor Inn Motel","2131 11th Ave","Calgary","AB","T2P 1M6","403-661-6644","403-661-1077","george@clickcoin.com","http://www.clickcoin.com""Susan","Foust","Compagnie Financiere De Cic Et","2082 Tycos Dr","Toronto","ON","M5T 1T4","416-540-2439","416-540-9297","susan@comidentity.com","http://www.comidentity.com""Frankie","Starkweather","Truman, Clare Esq","4237 rue Saint-Édouard","Trois Rivieres","QC","G9A 5S8","819-377-0119","819-377-3983","frankie@criminalstopper.com","http://www.criminalstopper.com""Joan","Worsham","Best Western Tel Star Inn","4736 Front Street","Toronto","ON","M5J 2N1","647-281-6253","647-281-0804","joan@topwants.com","http://www.topwants.com""Nathan","Casper","Kuroman Realty Inc","3190 Queen Elizabeth Boulevard","Etobicoke","ON","M8Z 1M3","416-735-0187","416-735-6053","nathan@togethertrips.com","http://www.togethertrips.com""Christopher","Davis","Lavieri, Carmine Cpa","4198 Roger Street","Duncan","BC","V9L 1P1","250-252-7839","250-252-7064","christopher@catchbreath.com","http://www.catchbreath.com""Mary","Walker","El & El Novelty Co","4531 Haaglund Rd","Bougie Creek","BC","V0H 0H0","250-773-8080","250-773-7385","mary@floorrates.com","http://www.floorrates.com""Marion","Carrillo","Loomis Company","2089 Dundas St","London","ON","N6B 3L5","519-318-9266","519-318-7381","marion@namerecycling.com","http://www.namerecycling.com""Johnny","Brown","Lang, James E Esq","1051 Acton Avenue","Toronto","ON","M3H 4J1","416-632-9876","416-632-0598","johnny@noentrance.com","http://www.noentrance.com""Jane","Day","Bruen & Gordon A Pro Corp","4049 Hastings Street","Vancouver","BC","V6C 1B4","604-338-6308","604-338-6994","jane@popcorners.com","http://www.popcorners.com""Doris","Davis","Harvey Daco Inc","338 Robson St","Vancouver","BC","V6B 3K9","604-333-9255","604-333-7073","doris@connecticutnightlife.com","http://www.connecticutnightlife.com""Gavin","Dorsch","Delcore, Jerry T Esq","1180 rue Garneau","Quebec","QC","G1V 3V5","418-570-0228","418-570-6534","gavin@typingcompany.com","http://www.typingcompany.com""Jesus","Harris","Lockie, John Esq","3738 Fourth Avenue","Calgary","AB","T2P 0H3","403-616-5256","403-616-5143","jesus@wirelesscocktail.com","http://www.wirelesscocktail.com""Gregory","Hull","Valley Supply Co","2167 Royal Avenue","New Westminster","BC","V3L 5H1","778-893-2993","778-893-6873","gregory@palmpros.com","http://www.palmpros.com""James","Karp","Lucas, Margaret T Esq","3527 Burdett Avenue","Victoria","BC","V8Y 1Y7","250-658-7640","250-658-1935","james@mainehandyman.com","http://www.mainehandyman.com""Nancy","Robinson","Streitz, Mary J Esq","2873 Lynden Road","Creemore","ON","L0M 1G0","705-466-0650","705-466-5094","nancy@wichitafallsweddings.com","http://www.wichitafallsweddings.com""Vickie","Campbell","Time Museum","1481 rue Ontario Ouest","Montreal","QC","H2X 1Y8","514-982-5098","514-982-9873","vickie@hdmind.com","http://www.hdmind.com""Laura","Donald","Fragomen Del Rey & Bernsen Pc","211 rue Levy","Montreal","QC","H3C 5K4","514-973-0173","514-973-7412","laura@faxfarm.com","http://www.faxfarm.com""Robert","Giancola","Wgaa Radio Station","3316 Merivale Road","Ottawa","ON","K2H 5B6","613-765-8668","613-765-7862","robert@goboulevard.com","http://www.goboulevard.com""Cathy","Galan","Lucas, Robert A Esq","4940 René-Lévesque Blvd","Montreal","QC","H3B 4W8","514-814-9979","514-814-4956","cathy@localchronicle.com","http://www.localchronicle.com""Deanne","Walker","Savin Corporation","4619 Tanner Street","Vancouver","BC","V5R 2T4","604-436-6376","604-436-7665","deanne@glamourtown.com","http://www.glamourtown.com""Keith","Rodriquez","Kralik, John J Md","1808 2nd Street","Lorette","MB","R0A 0Y0","204-961-4301","204-961-0419","keith@barnut.com","http://www.barnut.com""Jeffrey","Hill","Tuff Co","972 Mountain Avenue","Winkler","MB","R6W 1R1","204-325-8549","204-325-7293","jeffrey@searchenthusiast.com","http://www.searchenthusiast.com""Kenneth","Schendel","Fortron Source Corp","1324 Bloor Street","Forestburg","AB","T0B 1N0","780-582-8879","780-582-9671","kenneth@traderinside.com","http://www.traderinside.com""Christina","Hernandez","Rex Granite Company","1544 Reserve St","Marmora","ON","K0K 2M0","613-472-9418","613-472-7786","christina@tonesondemand.com","http://www.tonesondemand.com""John","Quintanilla","Consolidated Advtsng Dir Inc","3647 Nelson Street","Sioux Narrows","ON","P0X 1N0","807-226-7882","807-226-0336","john@taxsnap.com","http://www.taxsnap.com""Gerardo","Love","Somerville Lumber Co","4705 90th Avenue","Drumheller","AB","T0J 0Y0","403-821-8043","403-821-0353","gerardo@democrats411.com","http://www.democrats411.com""Katherine","Greer","N Amercn Hardwood Flrng Prod","2748 Ross Street","Smiths Falls","ON","K7A 1C2","613-283-8291","613-283-2849","katherine@ethanolgel.com","http://www.ethanolgel.com""Rebeca","Rivers","Graphic Equipment Boston Inc","2376 56th Street","Wetaskiwin","AB","T9A 1N8","780-361-4180","780-361-6865","rebeca@honeymoonsaver.com","http://www.honeymoonsaver.com""Gerald","Thompson","Royce E Norman & James J","1726 Derry Rd","Malton","ON","L4T 1A8","416-771-5018","416-771-7018","gerald@questdrive.com","http://www.questdrive.com""Adam","Sharon","50th State Dairy Frmrs Cooprtv","224 Hillside Dr","Elliot Lake","ON","P5A 2A1","705-461-3403","705-461-3453","adam@wirelessbarcelona.com","http://www.wirelessbarcelona.com""Anthony","Williams","Neman, Albert H Esq","387 184th Street","Edmonton","AB","T5J 2R4","780-999-9132","780-999-0706","anthony@britishentrepreneur.com","http://www.britishentrepreneur.com""Esther","Walsh","Art Museum","2660 Bridgeport Rd","Milton","ON","L9T 1P4","905-693-8995","905-693-5941","esther@valuablereports.com","http://www.valuablereports.com""Becky","Whitney","Yng Wmn Chrstn Assn Recept","2498 Tolmie St","Vancouver","BC","V6R 4C5","604-224-2825","604-224-7092","becky@hollywoodboard.com","http://www.hollywoodboard.com""Tina","Cole","Foliage Design Systems Inc","1530 rue Levy","Montreal","QC","H3C 5K4","514-378-9582","514-378-1021","tina@redbars.com","http://www.redbars.com""Steve","Boisvert","Strom, Michael A Esq","4884 St. Paul Street","St Catharines","ON","L2R 7L4","905-964-4086","905-964-3647","steve@investorage.com","http://www.investorage.com""Susan","Wilson","Hoel, Richard A Esq","1146 Burnt Island Road","Windermere","ON","P0B 1P0","705-769-5543","705-769-3182","susan@affordablemenu.com","http://www.affordablemenu.com""Earl","Baker","Lancione, Richard L Esq","3358 Nootka Street","Vancouver","BC","V5M 3M5","778-235-8797","778-235-5648","earl@nightweddings.com","http://www.nightweddings.com""Karen","Hill","Farrar, Jeffrey","3575 Islington Ave","Toronto","ON","M9V 2X5","416-564-8570","416-564-6185","karen@membershow.com","http://www.membershow.com""Danielle","Oubre","Mosier, Richard F Esq","4248 47th Avenue","Watson Lake","NT","Y0A 1C0","867-536-3558","867-536-0714","danielle@campusvisitors.com","http://www.campusvisitors.com""Justin","Palmer","Govern Mcdowell & Becker","3463 Bay Street","Toronto","ON","M5J 2R8","416-887-6173","416-887-8863","justin@terroristinfo.com","http://www.terroristinfo.com""Barbara","Mitchell","Allen Travel Co","1225 Duke Street","Montreal","QC","H3C 5K4","514-207-4940","514-207-7417","barbara@armdirectory.com","http://www.armdirectory.com""Alfred","Trexler","Atlas Van Lines Agent","1156 9th Ave","Lethbridge","AB","T1J 2J7","403-315-8519","403-315-5235","alfred@demolitionremoval.com","http://www.demolitionremoval.com""Eric","Miranda","Riordan Crivello Carlson","4910 Boulevard Cremazie","Quebec","QC","G1R 1B8","418-528-3212","418-528-7625","eric@californiaministorage.com","http://www.californiaministorage.com""Hayden","Price","Beisenstein, Joseph J Esq","4035 184th Street","Edmonton","AB","T5J 2R4","780-465-2023","780-465-9309","hayden@moisturizingbodyspray.com","http://www.moisturizingbodyspray.com""Leslie","Spain","Vanier Business Forms And Svc","3757 90th Avenue","Rosebud","AB","T0J 2T0","403-677-8409","403-677-8307","leslie@testingerrors.com","http://www.testingerrors.com""Margaret","Anderson","Stuller, W Stuart Esq","604 Cordova Street","Vancouver","BC","V6B 1E1","778-996-6115","778-996-7383","margaret@playinginside.com","http://www.playinginside.com""Dwight","Monks","Advance Litho Inc","2422 Baker Street","London","ON","N0N 0N0","519-719-2863","519-719-5977","dwight@outsiderugs.com","http://www.outsiderugs.com""Frederick","Smith","Smith, Zachary Esq","2215 Cassells St","North Bay","ON","P1B 2Y7","705-497-9675","705-497-5927","frederick@grapeapple.com","http://www.grapeapple.com""Patrick","Long","Taylor Dugger & Associates","1608 Queen Elizabeth Boulevard","Etobicoke","ON","M9W 1K7","647-777-5454","647-777-2083","patrick@cloudgrade.com","http://www.cloudgrade.com""Freddie","Parsons","Harveys Skin Diving Suits Inc","1675 Roger Street","Courtenay","BC","V9N 2J6","250-898-5217","250-898-1842","freddie@portalalert.com","http://www.portalalert.com""Terri","Cribbs","Morisi Ins Agcy Inc","473 Richford Road","Notre Dame De Stanbridge","QC","J0J 1M0","450-296-0335","450-296-1658","terri@remarkableapps.com","http://www.remarkableapps.com""Diann","Williams","Hookham, Lois E","617 Dufferin Street","Toronto","ON","M6H 4B6","416-532-6028","416-532-1393","diann@verifylive.com","http://www.verifylive.com""Maxine","Akers","Romac Industries","4842 Kennedy Rd","Peterborough","ON","K9J 6Y1","705-772-2453","705-772-7332","maxine@ceotrainer.com","http://www.ceotrainer.com""Dean","Martin","Self Paced Learning Center The","4627 Tchesinkut Lake Rd","Hixon","BC","V0J 1S0","250-998-2281","250-998-9267","dean@detailsports.com","http://www.detailsports.com""Betty","Mcneil","Foster, Mark A Esq","3339 Alness Street","Toronto","ON","M3J 2J1","416-664-0347","416-664-9361","betty@generationexpo.com","http://www.generationexpo.com""Helen","Scruggs","Foster & Harmon","2643 40th Street","Calgary","AB","T2P 2V7","403-539-7953","403-539-9824","helen@baptisthigh.com","http://www.baptisthigh.com""Luz","Dollar","Natl Inst Relationship","1335 rue Levy","Montreal","QC","H3C 5K4","514-793-7774","514-793-5775","luz@foreclosurestates.com","http://www.foreclosurestates.com""James","Adams","Douglas H Paine Md Pc","3331 James Street","Fauquier","ON","P0L 1G0","705-339-2467","705-339-6752","james@marketingdiscs.com","http://www.marketingdiscs.com""Miguel","Cramer","Mercury Stat Company Inc","792 Rue De La Gare","Alma","QC","G8B 2W5","418-719-0104","418-719-8749","miguel@rateslash.com","http://www.rateslash.com""Judith","Merritt","Duane Morris & Heckscher","4728 St-Jacques Est","Princeville","QC","G6L 4X7","819-364-1976","819-364-7523","judith@localbilliards.com","http://www.localbilliards.com""Dawn","Zielinski","Male Power Ltd","2405 1st Ave","Yorkton","SK","S3N 2W4","306-521-2613","306-521-7375","dawn@greatjump.com","http://www.greatjump.com""Brian","Christian","Intertec Publishing Corp","1529 Island Hwy","Campbell River","BC","V9W 2L9","250-286-1873","250-286-3808","brian@raleighsuburbs.com","http://www.raleighsuburbs.com""William","Wilson","J C Penney Co Inc","641 James Street","St Catharines","ON","L2R 3H6","905-685-1662","905-685-3997","william@centraleconomy.com","http://www.centraleconomy.com""Robert","Mcbride","Frank R Jelinek Inc","439 MacLaren Street","Ottawa","ON","K1P 5M7","613-992-2842","613-992-8298","robert@linkwish.com","http://www.linkwish.com""Darren","Lingerfelt","Calwest Galvanizing Corp","4633 Victoria Park Ave","Toronto","ON","M2J 3T7","647-299-3162","647-299-0128","darren@rankinsider.com","http://www.rankinsider.com""Kay","Cola","Marina Village Conference Ctr","4721 Craven Place","Medicine Hat","AB","T1A 0N1","403-528-5638","403-528-1638","kay@headforum.com","http://www.headforum.com""Eric","Douglas","Glass Sash & Door Supply","2865 Wentz Avenue","Saskatoon","SK","S7K 7A9","306-261-4989","306-261-4456","eric@gungroup.com","http://www.gungroup.com""Joe","Harris","Topp, Richard G","964 King Street","Orillia","ON","I3V 6H8","705-345-6039","705-345-3761","joe@atlantictrips.com","http://www.atlantictrips.com""Theodore","Powers","Military Newspapers Of Va","1942 Dufferin Street","Toronto","ON","M6H 4B6","416-535-1192","416-535-0591","theodore@doggieparks.com","http://www.doggieparks.com""Darren","Mejia","Famular, Nan S Esq","4516 Venture Place","High Prairie","AB","T0G 1E0","780-536-4367","780-536-7464","darren@gymkicks.com","http://www.gymkicks.com""Ryann","Edwards","Vermont Right To Life Cmmte","1836 Princess St","Kingston","ON","K7L 1C2","613-887-2926","613-887-5103","ryann@baldprevention.com","http://www.baldprevention.com""Lynette","Ross","Read Rite","298 137th Avenue","Edmonton","AB","T5M 3K3","780-732-5525","780-732-4439","lynette@basketballbiz.com","http://www.basketballbiz.com""Eric","Karlson","Bush Bing","1304 Heritage Drive","Calgary","AB","T2V 2W2","403-801-2820","403-801-9978","eric@oemjobs.com","http://www.oemjobs.com""Mary","Mcgee","Dream Face Cosmetics Inc","1172 Benton Street","Kitchener","ON","N2G 4L9","519-572-2083","519-572-7712","mary@sanfranciscoagency.com","http://www.sanfranciscoagency.com""Gerry","Sandstrom","Y W C A Pasadena Foothill Vly","4936 Fallon Drive","Auburn","ON","N0M 1E0","519-526-1550","519-526-7438","gerry@diningopinions.com","http://www.diningopinions.com""Maria","Parker","Modern Drummer Publ Inc","2385 Maria St","Burlington","ON","L7R 2G6","905-631-1182","905-631-9159","maria@sheweek.com","http://www.sheweek.com""Elizabeth","Rolfe","Paul S Simmons Atty Decuir","1389 MacLaren Street","Ottawa","ON","K1P 5M7","613-560-0811","613-560-7592","elizabeth@pokeralternatives.com","http://www.pokeralternatives.com""Juanita","Webster","Intrntl Assn Diecutting","3178 Keith Road","North Vancouver","BC","V5T 2C1","604-984-6138","604-984-8278","juanita@taneffects.com","http://www.taneffects.com""Andrea","Lirette","Home Mortgage Ins Agcy G N J","3612 Dundas St","Toronto","ON","M2N 2G8","416-730-9262","416-730-0006","andrea@seniorbasketball.com","http://www.seniorbasketball.com""Robert","Tom","Williams, Ronald L Esq","765 Reserve St","Keene","ON","K0L 2G0","705-295-6933","705-295-6658","robert@asapu.com","http://www.asapu.com""Lula","Harper","Central States Can Co","4794 René-Lévesque Blvd","Montreal","QC","H3B 4W8","514-577-6202","514-577-7915","lula@tvraw.com","http://www.tvraw.com""Phyllis","Barrow","Pioneer Credit Union","4868 Harvest Moon Dr","Unionville","ON","L3R 0L7","905-475-1333","905-475-8692","phyllis@digitalcycles.com","http://www.digitalcycles.com""Tammy","Mckown","Riggs Abney Neal & Turpen","3970 Boulevard Laflèche","Victoriaville","QC","G5P 1A6","819-460-8901","819-460-5269","tammy@classhours.com","http://www.classhours.com""Jay","Brooks","Cormany, Cynthia M Esq","3131 avenue Royale","Quebec","QC","G1E 2L3","418-999-4317","418-999-3924","jay@youpublic.com","http://www.youpublic.com""Rebecca","Jennings","Emerald Trading Corp","3054 Mill Street","Milverton","ON","N0K 1M0","519-595-8383","519-595-8768","rebecca@rawdetails.com","http://www.rawdetails.com""Richard","Hicks","Big M Exploration Inc","945 Lynden Road","Cookstown","ON","L0L 1L0","705-458-8227","705-458-8216","richard@seetulsa.com","http://www.seetulsa.com""Loren","Beene","Wilks, Jay F Esq","1156 Speers Road","Oakville","ON","L6J 3X4","905-845-3918","905-845-7756","loren@gotopittsburgh.com","http://www.gotopittsburgh.com""John","Wessel","Ice Cream Equipment Sales Inc","3908 Sheppard Ave","Toronto","ON","M1S 1T4","647-290-9988","647-290-8393","john@bankingpromotion.com","http://www.bankingpromotion.com""Elaine","Davis","Lifson, Scott A Esq","1612 Barton Street","Hamilton","ON","L8P 1P8","905-818-6830","905-818-9959","elaine@collectwines.com","http://www.collectwines.com""John","Hill","Infinetwork Bbs","2189 Nelson Street","Wunnummin Lake","ON","P0V 2Z0","807-442-7051","807-442-0072","john@narrativefilms.com","http://www.narrativefilms.com""Mary","Slaughter","Rodriguez Studio","3692 Port Washington Road","Claresholm","AB","T0L 0T0","403-682-2038","403-682-8434","mary@buffalobull.com","http://www.buffalobull.com""Kathleen","Duncan","Metals And Matl Recycle Inc","3225 chemin Hudson","Montreal","QC","H4J 1M9","514-830-4947","514-830-1173","kathleen@doctorseries.com","http://www.doctorseries.com""Forrest","Beck","Dennis, Douglas Esq","780 Queen Elisabeth Blvd","Kelvington","SK","S4P 3Y2","306-327-8221","306-327-1118","forrest@consumerfarm.com","http://www.consumerfarm.com""Ruth","Boots","Limelight Corp","2826 Garafraxa St","Chatsworth","ON","N0H 1G0","519-794-1901","519-794-9631","ruth@cheapnursery.com","http://www.cheapnursery.com""Melinda","Brown","Waikiki Grand Hotel","2265 Old Spallumcheen Rd","Sandspit","BC","V0Y 1T0","250-637-4487","250-637-4818","melinda@lapcovers.com","http://www.lapcovers.com""Henrietta","Hall","Balloons By Carithers","3283 Fallon Drive","Emeryville","ON","N0R 1C0","519-727-8860","519-727-4716","henrietta@cherrybars.com","http://www.cherrybars.com""Leroy","Engelman","Mcneil, William B Esq","1582 White Point Road","Saulnierville","NS","B0W 2Z0","902-260-9378","902-260-2282","leroy@loanreversal.com","http://www.loanreversal.com""Mallory","Roberts","Mri Diazo Mfgs","4438 40th Street","Edmonton","AB","T2P 3Z3","780-484-5334","780-484-0849","mallory@blankwallpaper.com","http://www.blankwallpaper.com""Amanda","Glaude","Martinez Tax & Bookkeeping Svc","4405 Tchesinkut Lake Rd","Hansard","BC","V0J 2Z0","250-966-7846","250-966-2415","amanda@golfingmania.com","http://www.golfingmania.com""Josephine","Grimes","Herr Voss Corporation","1444 49th Avenue","Iqaluit","NT","X0A 0H0","867-975-6107","867-975-9059","josephine@partyjudge.com","http://www.partyjudge.com""David","Mullins","Floral Expressions","290 Carling Avenue","Ottawa","ON","K1Z 7B5","613-858-6043","613-858-8109","david@cookiesearch.com","http://www.cookiesearch.com""Adele","Lippert","Hollywood Reporter","2800 rue St-Henri","Ville Le Gardeur","QC","J5Z 1R6","450-654-9478","450-654-8114","adele@menreport.com","http://www.menreport.com""Brady","Harris","Army National Guard Arng","712 Sherbrooke Ouest","Montreal","QC","H4A 1H3","514-928-3449","514-928-8773","brady@eugenepersonalinjury.com","http://www.eugenepersonalinjury.com""Amber","Menard","Alaska Ship Supply","4865 Pine Street","Castor","AB","T0C 0X0","403-882-0083","403-882-7473","amber@coldberg.com","http://www.coldberg.com""Joseph","Cosgrove","Eagle Wire Works Inc","774 Eglinton Avenue","Toronto","ON","M4P 1A6","416-357-7015","416-357-7069","joseph@romanticnation.com","http://www.romanticnation.com""Alicia","Quinney","Taconic Resources Inc","1184 Bank St","Ottawa","ON","K1H 7Z1","613-282-5629","613-282-0185","alicia@podfax.com","http://www.podfax.com""Dorothy","Eakes","Hosiery Corporation Of America","3322 Carlson Road","Prince George","BC","V2L 5E5","250-648-6879","250-648-3774","dorothy@bradingstation.com","http://www.bradingstation.com""Kimberly","Grove","Leiderman, Harvey L Esq","4844 Pine Street","Rimbey","AB","T0C 2J0","403-843-0297","403-843-1373","kimberly@wirelessexercise.com","http://www.wirelessexercise.com""Thaddeus","Flynn","Rodeway Inn","227 Baker Street","Cobourg","ON","N0N 0N0","905-396-0667","905-396-1815","thaddeus@moneylease.com","http://www.moneylease.com""Candace","Zimmerman","Stouffer Concourse Htl Atlanta","32 Roger Street","Comox","BC","V9N 5N1","250-339-4354","250-339-4584","candace@apartmentaid.com","http://www.apartmentaid.com""Robin","Starr","M & C Specialties Co","1419 Barton Street","Stoney Creek","ON","L8G 2V1","905-573-0463","905-573-4396","robin@eclipsetool.com","http://www.eclipsetool.com""Christopher","Hall","Lange, Joseph Esq","4104 avenue de Port-Royal","Bonaventure","QC","G0C 1E0","418-530-2085","418-530-7352","christopher@eclipsetool.com","http://www.eclipsetool.com""Eddy","Crooker","Singdahlsen, Jeffrey P Esq","2840 Eglinton Avenue","Toronto","ON","M4P 1A6","647-207-4214","647-207-6805","eddy@localevaluation.com","http://www.localevaluation.com""Donald","Nolan","Quinn, Stephen D Esq","4628 Port Washington Road","Crowsnest Pass","AB","T0K 0E0","403-562-4530","403-562-8669","donald@refinancingsearch.com","http://www.refinancingsearch.com""Jerry","New","Deluxe Limousine Service Inc","398 Venture Place","Fort Assiniboine","AB","T0G 1A0","780-584-4948","780-584-8671","jerry@luxuryprize.com","http://www.luxuryprize.com""Randy","Otter","Jacobstein, Stephen M Esq","1628 Weir Crescent","Toronto","ON","M1E 3T8","416-894-4893","416-894-8851","randy@wirelessdryer.com","http://www.wirelessdryer.com""Eddie","Solum","Diclemente Graphics","1589 43rd Avenue","Whitehorse","NT","Y1A 2A2","867-668-9738","867-668-0183","eddie@cheaplook.com","http://www.cheaplook.com""Virgil","Carey","Sieg Auto Parts","1874 Montreal Road","Ottawa","ON","K1L 6C7","613-749-5999","613-749-9352","virgil@retrodivas.com","http://www.retrodivas.com""William","Kennedy","Speedy Sign A Rama Usa","2643 René-Lévesque Blvd","Montreal","QC","H3B 4W8","514-659-9818","514-659-3358","william@mailboxsearch.com","http://www.mailboxsearch.com""Jack","Ferreira","Wall Street Connection","1036 Adelaide St","Toronto","ON","M5H 1P6","416-216-7651","416-216-7963","jack@smokingdirect.com","http://www.smokingdirect.com""Amee","Hernandez","Grimm, Elizabeth A Esq","4446 Rose Street","Regina","SK","S4P 3Y2","306-536-4733","306-536-1628","amee@weddingseeker.com","http://www.weddingseeker.com""Donald","Knight","Ort Machine Tool & Design Co","4707 rue des Érables","Ste Anne Des Monts","QC","G4V 1B6","418-764-3628","418-764-1593","donald@macrosigns.com","http://www.macrosigns.com""Sandra","Mccloud","Breedlove, Brian H Esq","1774 Brand Road","Saskatoon","SK","S7K 1W8","306-955-2759","306-955-4039","sandra@cardinventory.com","http://www.cardinventory.com""Carolyn","Moss","Ian S Haberman","874 James Street","Port Rowan","ON","N0E 1M0","519-586-9157","519-586-7862","carolyn@clinicalstats.com","http://www.clinicalstats.com""Michael","Reich","Clifton, Hester H Esq","4068 Tycos Dr","Toronto","ON","M5T 1T4","416-542-9835","416-542-7784","michael@prospecttalk.com","http://www.prospecttalk.com""Jeannette","Torres","E & D Dental Products Inc","4709 Carling Avenue","Ottawa","ON","K1Z 7B5","613-759-1116","613-759-8089","jeannette@demosquad.com","http://www.demosquad.com""Ricky","Kelly","Holdridge Mfg Co","3659 Sixth Street","New Westminster","BC","V3L 3C1","604-517-0201","604-517-4174","ricky@freakymates.com","http://www.freakymates.com""Mary","Parks","Holiday Inn Beaufort","293 Baker Street","London","ON","N0N 0N0","519-495-7240","519-495-3385","mary@thousandtimes.com","http://www.thousandtimes.com""Richard","Stanton","Sand, Percy H Esq","1915 Bragg Road","Great Village","NS","B0M 1L0","902-655-2504","902-655-4608","richard@wordreserve.com","http://www.wordreserve.com""Dorotha","Stewart","News Register","4002 Sherbrooke Ouest","Montreal","QC","H4A 1H3","514-809-0334","514-809-3499","dorotha@mediacorporations.com","http://www.mediacorporations.com""Martha","Myers","Russo, Alfred A Jr","774 Burdett Avenue","Victoria","BC","V8B 1E2","250-483-6514","250-483-0446","martha@duisites.com","http://www.duisites.com""William","Perdue","Finn, Edward J Jr","4241 Bridgeport Rd","Milton","ON","L9T 1P4","905-805-2495","905-805-6653","william@trafficmoms.com","http://www.trafficmoms.com""Cecilia","Willie","Marketing Specialists Sales Co","3911 St. John Street","Borden","SK","S4P 3Y2","306-997-8293","306-997-7347","cecilia@semilocal.com","http://www.semilocal.com""Vicki","Bosworth","Conti Enterprises Inc","1434 Tanner Street","Vancouver","BC","V5R 2T4","604-786-8375","604-786-3099","vicki@golfcleaner.com","http://www.golfcleaner.com""Malcolm","Stanley","Cardinal Construction Co Inc","4329 rue Levy","Montreal","QC","H3C 5K4","514-792-5948","514-792-4842","malcolm@multirooms.com","http://www.multirooms.com""Beatriz","Lugo","Duncan, Farris A Esq","402 chemin Hudson","Montreal","QC","H4J 1M9","514-377-2585","514-377-5097","beatriz@roommateprofiles.com","http://www.roommateprofiles.com""Richard","Jones","Lower Yellowstone Electric","3197 Brew Creek Rd","Whistler","BC","V0N 1B0","604-938-3769","604-938-6919","richard@cardsheet.com","http://www.cardsheet.com""Kathleen","King","Pacific Coast Products Inc","2458 St George Street","Vancouver","BC","V5T 1Z7","604-873-5226","604-873-0541","kathleen@recruitinglocal.com","http://www.recruitinglocal.com""Bernard","Coulter","Backes Graphic Productions","135 Tycos Dr","Toronto","ON","M5T 1T4","416-345-3433","416-345-4497","bernard@debtconsolidationheadquarters.com","http://www.debtconsolidationheadquarters.com""Ralph","Goodwin","Martin Research Inc","3573 Lock Street","Cambridge","ON","N1R 6J6","519-629-6017","519-629-1045","ralph@nightclubinfo.com","http://www.nightclubinfo.com""Anna","Alverson","Wtlz Power 107 Fm","3097 Brew Creek Rd","Whistler","BC","V0N 1B0","604-938-6921","604-938-9707","anna@wifikeyboard.com","http://www.wifikeyboard.com""Leopoldo","Smith","Schneider, David H Dds","131 rue des Églises Est","Beaucanton","QC","J0Z 1H0","819-941-0654","819-941-5648","leopoldo@gymville.com","http://www.gymville.com""James","Osborne","Curran Contracting Co","2892 Adelaide St","Toronto","ON","M5H 1P6","416-607-4583","416-607-4286","james@shippingcalendar.com","http://www.shippingcalendar.com""Gordon","Mccoy","H & H Computer Inc","3889 Hammarskjold Dr","Burnaby","BC","V5B 3C9","604-296-8147","604-296-3238","gordon@erequire.com","http://www.erequire.com""Stanley","Harrison","Metal Fabrications Inc","3446 40th Street","Edmonton","AB","T2P 3Z3","780-481-6123","780-481-7823","stanley@renaissanceshow.com","http://www.renaissanceshow.com""Wayne","Holman","Twiggs Abrams Blanchard","4906 MacLaren Street","Ottawa","ON","K1P 5M7","613-245-3250","613-245-0862","wayne@crazycaptions.com","http://www.crazycaptions.com""Robert","Mitchell","Thrifty Nickel Dandy Dime","4105 11th Ave","Calgary","AB","T2P 1M6","403-303-9898","403-303-0926","robert@textassistant.com","http://www.textassistant.com""Edward","Kalman","Center For Medl Ethics & Med","4562 Victoria Park Ave","Toronto","ON","M2J 3T7","416-502-1275","416-502-5888","edward@seattop.com","http://www.seattop.com""Dennis","Williams","Hicks Schmidlin & Bancroft Pc","1387 Merton Street","Toronto","ON","M1L 3K7","416-524-8207","416-524-8168","dennis@pullcable.com","http://www.pullcable.com""Darryl","Lynch","Brydges Riseborough Morris","3937 Calgary Avenue","Penticton","BC","V2A 2T6","250-276-4642","250-276-7474","darryl@healthinsurancerights.com","http://www.healthinsurancerights.com""Troy","Silva","Raphael Scala Fell & Co Cslty","393 Lynden Road","Beamsville","ON","L0R 1B8","905-563-3598","905-563-2253","troy@atvspecialist.com","http://www.atvspecialist.com""Anthony","Lovin","Haywood, Hubert B Iii","3894 Weir Crescent","Toronto","ON","M1E 3T8","416-995-1229","416-995-9849","anthony@hikerlife.com","http://www.hikerlife.com""Samantha","Drew","Kass, Steven Esq","3404 Algonquin Blvd","Timmins","ON","P4N 1C3","705-268-7309","705-268-6885","samantha@luxurychicks.com","http://www.luxurychicks.com""John","Miles","Cameo Inc","2272 Hillside Dr","Elliot Lake","ON","P5A 1X5","705-261-0483","705-261-0578","john@ballotblog.com","http://www.ballotblog.com""Mark","Flores","Kingdom City Super 8 Motel","4061 Bloor Street","Myrnam","AB","T0B 3K0","780-366-8657","780-366-5645","mark@lipville.com","http://www.lipville.com""Keri","Creasey","Wynn, Mary Ellen Esq","2937 St Jean Baptiste St","Perce","QC","G0L 2L0","418-783-6413","418-783-3679","keri@bloggeridentity.com","http://www.bloggeridentity.com""Carol","Walls","Millard County Of Auditor","5 Joseph St","Kincardine","ON","N2Z 1Z9","519-396-5669","519-396-6638","carol@voippromotion.com","http://www.voippromotion.com""Stanley","Chalmers","Shelleys","475 Ontario St","St Catharines","ON","L2N 1S8","905-646-4110","905-646-6787","stanley@hospitaldigest.com","http://www.hospitaldigest.com""Christopher","Gordon","Accents Publications Service","3963 Cordova Street","Vancouver","BC","V6B 1E1","604-506-5260","604-506-9913","christopher@softtoe.com","http://www.softtoe.com""Aurora","Cummins","Kendall, Robert T Iii","3900 Dundas St","London","ON","N6B 3L5","519-615-1045","519-615-8668","aurora@anmri.com","http://www.anmri.com""Elia","Howard","Boozer Lumber Co","4059 Bridgeport Rd","Uxbridge","ON","L9P 1H2","905-862-7521","905-862-2868","elia@previewjob.com","http://www.previewjob.com""Greg","Cannady","Wider Opportunities For Women","2633 Gateway Blvd","Edmonton","AB","T6H 1J5","780-438-8595","780-438-0707","greg@mommycollege.com","http://www.mommycollege.com""Melanie","Geis","Specialty Parts Four Wheelin","3063 Orenda Rd","Brampton","ON","L6W 1Z2","905-863-5876","905-863-3135","melanie@dontloan.com","http://www.dontloan.com""Frank","Champagne","Click Model Managmnt","4552 Montreal Road","Ottawa","ON","K1L 6C7","613-746-2607","613-746-1047","frank@leisuredecor.com","http://www.leisuredecor.com""Kimberly","Ward","Mcmahon Construction Inc","935 Playfair Avenue","Toronto","ON","M4J 3S3","416-423-1570","416-423-6091","kimberly@gotrules.com","http://www.gotrules.com""Katharina","Hughes","Brown, Patricia G Sra","4816 Thurston Dr","Ottawa","ON","K1G 0Z2","613-220-7245","613-220-7492","katharina@jewelryexec.com","http://www.jewelryexec.com""Sherry","Love","Honaker, William H Esq","1206 Pearl Street","Streetsville","ON","L5M 1X2","905-593-8395","905-593-6823","sherry@yogajunkies.com","http://www.yogajunkies.com""Kristine","Baxter","Dupont, Michael R Esq","1294 Victoria Park Ave","Toronto","ON","M2J 3T7","416-499-0990","416-499-2905","kristine@partnercoupons.com","http://www.partnercoupons.com""Bonnie","Woodruff","Pky Cycl Honda Yamaha Suzuki","2123 137th Avenue","Edmonton","AB","T5B 3V4","780-479-6397","780-479-5808","bonnie@shopautomobile.com","http://www.shopautomobile.com""Scott","Vazquez","Smith Batchelder & Rugg","704 Lock Street","Guelph","ON","N1H 2T2","519-820-1658","519-820-6472","scott@nameanswers.com","http://www.nameanswers.com""Charlotte","Medina","Art Floor Inc","2557 Maynard Rd","Calgary","AB","T2E 6J8","403-831-4419","403-831-4642","charlotte@datagalore.com","http://www.datagalore.com""Emil","Murphy","Fabrication Specialties Inc","426 Water Street","Kitchener","ON","N2H 5A5","519-579-8355","519-579-3326","emil@publishingdaily.com","http://www.publishingdaily.com""James","Basham","Chaney, Buena Esq","533 St. Paul Street","St Catharines","ON","L2R 7L4","905-328-2902","905-328-8557","james@baldprevention.com","http://www.baldprevention.com""Eunice","Lykes","P E H Engineers","1072 St. Paul Street","St Catharines","ON","L2R 3B5","905-346-1112","905-346-8248","eunice@lauderdaleestates.com","http://www.lauderdaleestates.com""Terrance","Mueller","Mullendore, Mark E Md","4853 Fallon Drive","Bayfield","ON","N0M 1G0","519-565-1063","519-565-2388","terrance@firstexchanges.com","http://www.firstexchanges.com""Nicholas","Anderson","Center For Economic Conversion","2359 Wascana Parkway","Regina","SK","S4S 2R3","306-790-3319","306-790-9995","nicholas@unpluggedapps.com","http://www.unpluggedapps.com""Thomas","Tinkham","Edwards Co Inc","2767 boulevard des Laurentides","Shawinigan","QC","G9N 3B6","819-540-6268","819-540-6873","thomas@buylexington.com","http://www.buylexington.com""David","Lesure","Event Sales Inc","4208 Lockhart Drive","Barrie","ON","L4M 3B1","705-423-2175","705-423-7822","david@asbestosproblem.com","http://www.asbestosproblem.com""Karen","Pino","Lasko Letterpress","2269 Galts Ave","Red Deer","AB","T4N 2A6","403-340-2511","403-340-2234","karen@strictlypayroll.com","http://www.strictlypayroll.com""Matthew","Hunt","Burson, Robert T","3877 Victoria Park Ave","Toronto","ON","M2J 3T7","416-758-8770","416-758-4414","matthew@lipstickblog.com","http://www.lipstickblog.com""Jesus","Davidson","Vortman, Marlin L Esq","2191 Heritage Drive","Calgary","AB","T2V 2W2","403-815-9875","403-815-6039","jesus@analogfree.com","http://www.analogfree.com""Martin","Trotman","Twilight Travel","360 Paradise Crescent","Hauterive","QC","G5C 1M1","418-939-0395","418-939-0888","martin@healthrent.com","http://www.healthrent.com""Lora","Wilson","Steven Sewald & Company Cpa","2102 Venture Place","Athabasca","AB","T0G 0B0","780-675-8621","780-675-8832","lora@absolutelyapps.com","http://www.absolutelyapps.com""Dean","Powell","Fire Fighters Equipment Co","1669 40th Street","Calgary","AB","T2M 0X4","403-282-9235","403-282-7935","dean@greendormitory.com","http://www.greendormitory.com""Irene","Ericson","Tools Ltd","4757 Higginsville Road","Halifax","NS","B0N 1R0","902-444-0260","902-444-8672","irene@opportunitynames.com","http://www.opportunitynames.com""Johnny","Parnell","Ramada Htl Miami Intrntl Arprt","1 Promenade du Portage","Hull","QC","S4P 3Y2","819-776-3176","819-776-4197","johnny@equityrelations.com","http://www.equityrelations.com""Mike","Kass","Stevens & Johnson","1641 Ross Street","Renfrew","ON","K7V 1T5","613-433-2583","613-433-9739","mike@bankruptcymall.com","http://www.bankruptcymall.com""Natalia","Nelson","Castillo Schweiger & Stafford","3839 Tchesinkut Lake Rd","Smithers","BC","V0J 2N0","250-847-9126","250-847-6381","natalia@iafraid.com","http://www.iafraid.com""Polly","Haynes","Gegelman, Randy L Esq","4195 40th Street","Calgary","AB","T2T 2Y6","403-243-3063","403-243-1616","polly@contactlocations.com","http://www.contactlocations.com""David","Fitzgerald","Watson, Philip W Esq","3645 Sherbrooke Ouest","Montreal","QC","H4A 1H3","514-825-8562","514-825-3963","david@theytravel.com","http://www.theytravel.com""Juana","Shepard","English, Susan H Esq","3229 rue Fournier","Mascouche","QC","J7K 1T3","450-474-2787","450-474-0325","juana@workplacedirectory.com","http://www.workplacedirectory.com""Diana","Donaldson","Pagano Wills & Friedman","2160 Rue King","Sherbrooke","QC","J1H 1R4","819-822-1196","819-822-0377","diana@webmasterbeat.com","http://www.webmasterbeat.com""Milagros","Higdon","Barth, Steven J Esq","811 Adelaide St","Toronto","ON","M5H 1P6","416-367-2090","416-367-1209","milagros@pokerreligion.com","http://www.pokerreligion.com""James","Hayes","Fabit Waste Management","1425 Brew Creek Rd","Squamish","BC","V0N 3G0","604-849-4160","604-849-3139","james@specialarmor.com","http://www.specialarmor.com""Michael","Lopez","Lawrence Untd Corp Ins Agcy","2849 Boulevard Cremazie","Quebec","QC","G1R 1B8","418-525-2668","418-525-7789","michael@entrepreneurliving.com","http://www.entrepreneurliving.com""Stephen","Wheeler","Sweeney Engineering Corp","3981 Township Rd","Lloydminster","AB","T9V 0L9","780-745-1916","780-745-8679","stephen@jewelryexec.com","http://www.jewelryexec.com""Brian","Mohammed","Garden Stone Supply","4607 Acton Avenue","Toronto","ON","M3H 4J1","416-375-1054","416-375-6115","brian@infolives.com","http://www.infolives.com""Richard","Doughty","Eros, John J Cpa","3284 Dry Pine Bay Rd","Alban","ON","P0M 1A0","705-857-4871","705-857-8751","richard@bargainheads.com","http://www.bargainheads.com""John","Kirkwood","N & C Fabricators","235 Holdom Avenue","Surrey","BC","V3T 4Y5","604-953-0858","604-953-7182","john@mobilepsychology.com","http://www.mobilepsychology.com""Corey","Clark","Sherouse, Thomas M Esq","495 River Street","Alvinston","ON","N0N 1A0","519-898-5160","519-898-5796","corey@lendingears.com","http://www.lendingears.com""Mildred","White","Toufayan Bakery","2692 rue Garneau","Quebec","QC","G1V 3V5","418-456-6115","418-456-1472","mildred@epiclinks.com","http://www.epiclinks.com""Brittany","Rodriguez","Donald S Nance Co Lpa","2523 Merivale Road","Ottawa","ON","K2P 0K1","613-261-2528","613-261-5124","brittany@landscapingportfolio.com","http://www.landscapingportfolio.com""Michael","Johnson","Gregory Poole Equipment Co Inc","3766 Carling Avenue","Ottawa","ON","K1Z 7B5","613-784-8169","613-784-5816","michael@tagbull.com","http://www.tagbull.com""Randall","James","Knepper, Bradley M Esq","402 Cornwall Street","Estevan","SK","S4A 0W6","306-634-0194","306-634-9903","randall@textidentity.com","http://www.textidentity.com""James","Finkel","Currier, Jases A Esq","1120 St George Street","Vancouver","BC","V5T 1Z7","604-876-0299","604-876-0676","james@eclipsetool.com","http://www.eclipsetool.com""Dan","Gamez","F L Zimmers Realty","2926 Merton Street","Toronto","ON","M1L 3K7","416-884-6235","416-884-5658","dan@smoothhits.com","http://www.smoothhits.com""Flor","Herman","Quality Printing Co Inc","4080 184th Street","Edmonton","AB","T5J 2R4","780-668-3087","780-668-4471","flor@testchat.com","http://www.testchat.com""Tanya","Mcgee","Hecker, David A Esq","1237 Water Street","Kitchener","ON","N2H 5A5","519-616-9886","519-616-7951","tanya@platinumvitamins.com","http://www.platinumvitamins.com""Juanita","Derose","Wilbraham Lawler & Buba","3180 Pine Street","Castor","AB","T0C 0X0","403-882-7274","403-882-4668","juanita@directorytags.com","http://www.directorytags.com""Mary","Haynes","Partridge, John J Esq","3679 Township Rd","Leduc","AB","T9E 2X2","780-202-6459","780-202-6604","mary@northhongkong.com","http://www.northhongkong.com""Alexander","Wilson","Korean Restaurant Sorabol","3905 Clematis Avenue","Waterton Park","AB","T0K 2M0","403-859-3084","403-859-0517","alexander@atvspots.com","http://www.atvspots.com""Margaret","Chrisman","Bellevue Gazette","4579 Wellington Street","Toronto","ON","M9C 3J5","905-206-9996","905-206-0375","margaret@draftratings.com","http://www.draftratings.com""Betty","Schaefer","Vision Associates","3823 avenue Royale","Quebec","QC","G1E 2L3","418-806-7745","418-806-1954","betty@minijungle.com","http://www.minijungle.com""Michael","Wall","Iowa Falls Roofing Co","3449 Bay Street","Toronto","ON","M5J 2R8","416-731-7004","416-731-4587","michael@strawberrysprinkles.com","http://www.strawberrysprinkles.com""Chester","Carroll","Phillips, William Rinaudo Esq","2540 Speers Road","Oakville","ON","L6J 4Z3","905-808-1043","905-808-0153","chester@blinkscan.com","http://www.blinkscan.com""Michelle","Crabb","Dabora Inc","2486 Joseph St","Kincardine","ON","N2Z 1Z9","519-396-6468","519-396-0758","michelle@bloggingsocial.com","http://www.bloggingsocial.com""Kevin","Jones","Family Forum Inc Head Start","2434 rue des Églises Est","Ville Marie","QC","J0Z 3W0","819-622-9368","819-622-1942","kevin@findscene.com","http://www.findscene.com""Margaret","Ward","Aldstadt, Stacey R Esq","2265 Nelson Street","Ramore","ON","P0K 1R0","705-236-6509","705-236-7812","margaret@judgerules.com","http://www.judgerules.com""James","Saner","Apogee Designs Ltd","3309 St. John Street","Arcola","SK","S4P 3Y2","306-455-3299","306-455-3514","james@talkeditor.com","http://www.talkeditor.com""Leonard","Robidoux","Heathman Hotel & Restaurant","3323 Isabella Street","Trenton","ON","K8V 6S1","613-965-6898","613-965-2887","leonard@performancegolfer.com","http://www.performancegolfer.com""Christina","Berman","Air Perme Ator Inc","4295 chemin Georges","Lavaltrie","QC","J0K 1H0","450-540-2031","450-540-8118","christina@primeforces.com","http://www.primeforces.com""Phillip","Guerra","Western Exterminating Co Inc","2249 Harvest Moon Dr","Unionville","ON","L3R 0L7","905-947-8632","905-947-1505","phillip@honeymoonbooking.com","http://www.honeymoonbooking.com""Angela","Mulhern","Action Coffee","3892 Summerfield Blvd","Airdrie","AB","T4B 2C2","403-948-2335","403-948-4823","angela@affordablemenu.com","http://www.affordablemenu.com""Natalie","Marcus","Buckeye Reserve Title Agcy Inc","833 St Jean Baptiste St","East Broughton","QC","G0N 1G0","418-427-9103","418-427-0162","natalie@jointminds.com","http://www.jointminds.com""Tamara","Tucker","Tanaka, Philip N Esq","1355 Speers Road","Maple","ON","L6A 1G5","905-303-8088","905-303-9186","tamara@parisblogger.com","http://www.parisblogger.com""Laura","Mcdonald","Cook, Colleen E Esq","3811 Cordova Street","Vancouver","BC","V6B 1E1","778-999-6476","778-999-8632","laura@xmlradio.com","http://www.xmlradio.com""Rosalinda","Thurber","A A Anderson & Co Inc","4557 Barton Street","Winona","ON","L8E 5G9","905-643-7744","905-643-5399","rosalinda@cashclash.com","http://www.cashclash.com""Helen","Hank","Gesler, Alan E Esq","1429 St. John Street","Creighton","SK","S4P 3Y2","306-688-1481","306-688-9377","helen@resumetrail.com","http://www.resumetrail.com""Clara","Williamson","Seaboard Asphalt Products Co","2697 St Jean Baptiste St","Cap Aux Meules","QC","G0B 1B0","418-986-4683","418-986-1075","clara@celljet.com","http://www.celljet.com""Alina","Falcon","Affilated Consulting Group Inc","375 47th Avenue","Lac La Biche","AB","T0A 2C0","780-623-5578","780-623-3271","alina@insertblog.com","http://www.insertblog.com""Carolyn","Kelly","Platecrafters Inc","2660 rue des Églises Est","St Emile Du Suffolk","QC","J0V 1Y0","819-426-1207","819-426-8725","carolyn@beginnerbingo.com","http://www.beginnerbingo.com""Jason","Holland","Engineering Personnel Cnslnts","4865 Bloor Street","Andrew","AB","T0B 0C0","780-365-6971","780-365-1331","jason@towelcentral.com","http://www.towelcentral.com""Sandra","Randazzo","Trylon Wire & Metal Works Inc","4897 De L'Acadie Boul","Montreal","QC","H4N 3C5","514-949-9137","514-949-3332","sandra@rockwireless.com","http://www.rockwireless.com""Eugene","Callaham","Pomini Inc","4601 102nd Avenue","Trail","BC","V1R 3W5","250-231-4754","250-231-5707","eugene@compmeds.com","http://www.compmeds.com""Jessie","Martin","Jenkins Chryslr Plym Ddg Jeep","4836 Bay Street","Toronto","ON","M5J 2R8","416-731-2197","416-731-9139","jessie@crownreplica.com","http://www.crownreplica.com""Bertha","Parham","Teresas At Demaios","2558 Brant Ave","Assumption","AB","T1T 1T1","780-321-7069","780-321-7943","bertha@survivormart.com","http://www.survivormart.com""Charles","Goldman","Wild Horse Express","765 Tanner Street","Vancouver","BC","V5R 2T4","604-816-5143","604-816-3284","charles@reversemortgagebeat.com","http://www.reversemortgagebeat.com""Anna","Dudley","Ojeda, Daniel A Esq","4742 Lock Street","Dunnville","ON","N1A 2H9","905-774-7822","905-774-6174","anna@bloodmovies.com","http://www.bloodmovies.com""Robert","Logan","Whiteside, David P Jr","2902 rue Saint-Édouard","Trois Rivieres","QC","G9A 5S8","819-374-8514","819-374-0692","robert@maxblogs.com","http://www.maxblogs.com""Mary","Moore","Perkins, Robert J Esq","1375 rue des Églises Est","Barraute","QC","J0Y 1A0","819-734-5005","819-734-9664","mary@peoplepreview.com","http://www.peoplepreview.com""Peter","Ellis","Evenson, William D Esq","470 Robson St","Vancouver","BC","V6B 3K9","778-868-6234","778-868-3469","peter@raleighlender.com","http://www.raleighlender.com""Steven","Kerr","Loveland Herald Press","696 7th Ave","Calgary","AB","T2P 0W4","403-503-8604","403-503-1641","steven@campfresh.com","http://www.campfresh.com""Rene","Sorenson","Malvern Advertising & Signs","728 Jasper Avenue","Edmonton","AB","T5J 3N2","780-238-7091","780-238-5907","rene@societyblogger.com","http://www.societyblogger.com""Gregory","Davis","Gilliam, Kyle","1939 St Jean Baptiste St","Laterriere","QC","G0V 1K0","418-678-7433","418-678-8135","gregory@oddsuniverse.com","http://www.oddsuniverse.com""Shane","Palacios","Screens & Fabricated Metals","847 Central Pkwy","Port Credit","ON","L5G 1K2","905-891-4293","905-891-2107","shane@popularplayers.com","http://www.popularplayers.com""Gloria","Sears","Robinson, Elizabeth Harlow Esq","2646 Eglinton Avenue","Toronto","ON","M4P 1A6","647-300-2558","647-300-2534","gloria@nightlifeculture.com","http://www.nightlifeculture.com""David","Neal","Arata, Blake G Jr","1698 Port Washington Road","Morley","AB","T0L 1N0","403-881-6956","403-881-8793","david@cddealer.com","http://www.cddealer.com""Sophie","Rubio","My Kids Clos & Stff For Mom","39 40th Street","Edmonton","AB","T2P 3Z3","780-483-4667","780-483-5786","sophie@primitivesupplies.com","http://www.primitivesupplies.com""Milton","Harris","Keller, John M Esq","2723 Yonge Street","Toronto","ON","M4W 1J7","416-923-0423","416-923-0723","milton@blogvite.com","http://www.blogvite.com""Donna","Clark","Indutronics Inc","2671 Holdom Avenue","Surrey","BC","V3T 4Y5","604-589-7468","604-589-3218","donna@familysitter.com","http://www.familysitter.com""Theresa","Green","Petro Marine Company Inc","1756 Stoney Creek","Green Lake","SK","S4P 3Y2","306-832-5656","306-832-5259","theresa@listingpoints.com","http://www.listingpoints.com""Tony","Arevalo","Monett Chamber Of Commerce","225 Carling Avenue","Ottawa","ON","K1Z 7B5","613-719-5842","613-719-4186","tony@corporatepoints.com","http://www.corporatepoints.com""Cheryl","Cortez","Security Financial Network Pa","4532 Heatherleigh","Cooksville","ON","L5A 1V9","905-281-8509","905-281-8899","cheryl@radiotribune.com","http://www.radiotribune.com""Helena","Samsel","105 Meridien","1824 40th Street","Calgary","AB","T2K 0P7","403-275-0501","403-275-8838","helena@specquote.com","http://www.specquote.com""Patricia","Duncan","Bohannon Bros Glass Co","4802 Galts Ave","Red Deer","AB","T4N 2A6","403-391-7874","403-391-2267","patricia@vsauce.com","http://www.vsauce.com""Lidia","Dalton","Lupus Foundation Nw Fl Chptr","4648 rue Principale","Rouyn","QC","J9X 4M6","819-764-8836","819-764-6591","lidia@securityad.com","http://www.securityad.com""Karen","Young","Murphy Fence Co","2170 Rue De La Gare","Albanel","QC","G8M 3R8","418-279-9211","418-279-9227","karen@amateurdj.com","http://www.amateurdj.com""Sasha","Berg","Schlessinger & Vernick","3102 Walsh Street","Thunder Bay","ON","P7E 1J5","807-957-0669","807-957-2696","sasha@candidcard.com","http://www.candidcard.com""Jesus","Dorsey","Kaufman & Florence","3765 Bay Street","Toronto","ON","M5J 2R8","416-831-4372","416-831-8848","jesus@cheapercity.com","http://www.cheapercity.com""Barbara","Davis","Laney & Stokes Lawyers","2351 Reserve St","Verona","ON","K0H 2W0","613-374-0833","613-374-2214","barbara@gameplayoff.com","http://www.gameplayoff.com""Sammy","Smith","Chestnut & Brooks Pa","3846 184th Street","Edmonton","AB","T5J 2R4","780-920-2818","780-920-0637","sammy@xhlive.com","http://www.xhlive.com""Maria","Washington","Commctns Techlgy Assocs Inc","2646 11th Ave","Calgary","AB","T2P 1M6","403-781-8183","403-781-6893","maria@memoryzip.com","http://www.memoryzip.com""Elizabeth","Woodworth","Dan Watson Insurance Agency","459 rue Principale","La Sarre","QC","J9Z 1H5","819-333-8125","819-333-7762","elizabeth@bornmarketers.com","http://www.bornmarketers.com""Jan","Miron","Alphabetland Pre School Center","4218 Gorham Street","London","ON","N0N 0N0","519-850-8200","519-850-7178","jan@exclusivelots.com","http://www.exclusivelots.com""Jeffrey","Weimer","Greater Continents Inc","1847 Barton Street","Stoney Creek","ON","L8G 2V1","905-661-9855","905-661-7439","jeffrey@localexcellence.com","http://www.localexcellence.com""Karen","Weston","Thone Insurance Services Inc","907 Victoria Park Ave","Toronto","ON","M2J 3T7","416-496-1168","416-496-4613","karen@domainingbuzz.com","http://www.domainingbuzz.com""Linda","Currie","Artistic Marketing Concepts","4424 Port Washington Road","Grassy Lake","AB","T0K 0Z0","403-655-8550","403-655-4044","linda@officeruniform.com","http://www.officeruniform.com""Terrance","Mandujano","Sutherland & Associates Of L A","3425 Mesa Vista Drive","Yale","BC","V0K 2S0","604-863-0892","604-863-5471","terrance@discoreview.com","http://www.discoreview.com""Michelle","Thao","Prince Georges Employment Svc","2359 Brew Creek Rd","Squamish","BC","V0N 3G0","604-890-4803","604-890-7722","michelle@noteback.com","http://www.noteback.com""Carl","Jackson","Alphagraphics Printshops","2170 Heritage Drive","Calgary","AB","T2V 2W2","403-703-1332","403-703-0924","carl@chaddirectory.com","http://www.chaddirectory.com""Gerald","Floyd","Dunn","1112 Lynden Road","Lynden","ON","L0R 1T0","519-647-2449","519-647-8905","gerald@eightblog.com","http://www.eightblog.com""Marsha","Mckinsey","Harmon Publishing Co","4993 Queens Sq","Hespeler","ON","N3C 1H3","519-654-3234","519-654-6111","marsha@stationerydownloads.com","http://www.stationerydownloads.com""Maria","Corso","Southwest Germantown Credit Un","1152 rue des Églises Est","Lac Du Cerf","QC","J0W 1S0","819-597-0547","819-597-6807","maria@pumpkinsearch.com","http://www.pumpkinsearch.com""Mathew","Bane","Frank Bros Flooring Distr Inc","4143 184th Street","Edmonton","AB","T5J 2R4","780-668-7171","780-668-2968","mathew@mainehandyman.com","http://www.mainehandyman.com""Maria","Roby","Saint Charles Lbr Prod Inc","3173 90th Avenue","Elkwater","AB","T0J 1C0","403-893-4964","403-893-9711","maria@popswitch.com","http://www.popswitch.com""Sara","Nelson","Hickory Springs Mfg Co","1666 Bank St","Ottawa","ON","K1H 7Z1","613-316-8627","613-316-7187","sara@massachusettscab.com","http://www.massachusettscab.com""Douglas","Perea","Pricketts Forest Grv Meml Cpl","4870 St Jean Baptiste St","Ham Nord","QC","G0P 1A0","819-344-8504","819-344-2551","douglas@turnkeyrestaurant.com","http://www.turnkeyrestaurant.com"