No,First Name,Last Name,Email,Street,City,Country,Postal code,Company,Phone,url
1,Veronica,Achorn,veronica@achorn.com,"17, Sheepcote Street",Birmingham,United Kingdom,B16 8AE,Guy Spradling,915-772-2346,http://www.veronicaachorn.com
2,Jewel,Agresta,jewel@agresta.com,17 Becket Road,Solihull,United Kingdom,B43 6QS,Md Assn Cert Pub Accts Inc,708-449-2963,http://www.jewelagresta.com
3,Dwain,Agricola,dwain@agricola.com,Flat 1 44 Prospect Road,Handsworth Wood,United Kingdom,B18 6BG,Beatty Satchell Everngam & Co,270-259-0821,http://www.dwainagricola.com
5,Colin,Altonen,colin@altonen.com,Apartment 91 Newhampton Lofts,Birmingham,United Kingdom,B17 8NP,"Smith, Arthur D Esq",303-292-4239,http://www.colinaltonen.com
6,Ramon,Amaral,ramon@amaral.com,22 Nortune Close,Tipton,United Kingdom,B15 2UT,Air Academy Federal Credit Un,307-332-3893,http://www.ramonamaral.com
8,Chad,Araiza,chad@araiza.com,28 Woodland Road,Birmingham,United Kingdom,B30 3QG,"Christiansen, David L Cpa",715-359-3579,http://www.chadaraiza.com
9,Maryjane,Arata,maryjane@arata.com,4 Newton Chambers,Edgbaston,United Kingdom,B32 3RS,"Larson, John R Esq",775-352-1557,http://www.maryjanearata.com
10,Margot,Arenburg,margot@arenburg.com,23 Verdon Place,Birmingham,United Kingdom,DY12 1AN,"Mcivor, Carolyn Md",407-896-6679,http://www.margotarenburg.com
11,Kathie,Argenti,kathie@argenti.com,3A High Street,Sutton Coldfield,United Kingdom,B67 5HF,Microtel Franchise & Dev Corp,218-828-1401,http://www.kathieargenti.com
13,Isabell,Armout,isabell@armout.com,38 School Road,Stoke Heath,United Kingdom,B32 1LN,True Electric Corp,301-921-1251,http://www.isabellarmout.com
14,Marcelo,Arostegui,marcelo@arostegui.com,38 Longwood Road,Birmingham,United Kingdom,B71 4EE,Moraschs Quality Meats,417-336-2664,http://www.marceloarostegui.com
15,Kurtis,Asberry,kurtis@asberry.com,133 Old Birmingham Road,Birmingham,United Kingdom,B16,Budgetel Inns,915-591-3614,http://www.kurtisasberry.com
16,Jess,Assad,jess@assad.com,89 Middle Park Road,Birmingham,United Kingdom,B73 5EP,Livingston City,402-331-4974,http://www.jessassad.com
17,Melvin,Auteri,melvin@auteri.com,44 Glyn Road,Birmingham,United Kingdom,B29 5SU,Interstate Unltd Fed Crdt Un,617-247-6002,http://www.melvinauteri.com
18,Leif,Bachta,leif@bachta.com,"17, Sheepcote Street",Solihull,United Kingdom,B16 8JB,"Hislop, Lorna Brumfield Esq",808-682-2789,http://www.leifbachta.com
19,Neil,Backus,neil@backus.com,115 Calder Drive,Birmingham,United Kingdom,CV7 7SA,Smith Capital Management,212-537-1181,http://www.neilbackus.com
20,Lucius,Bagnoli,lucius@bagnoli.com,43 George Road,Birmingham,United Kingdom,B32 1AE,American Music Teacher,812-867-2593,http://www.luciusbagnoli.com
21,Latisha,Bahls,latisha@bahls.com,"Flat 4, 75 Revenhurst Road",Edgbaston,United Kingdom,B32 2PY,Search South Inc,513-784-5275,http://www.latishabahls.com
22,Socorro,Balandran,socorro@balandran.com,45 Poplar Avenue,Birmingham,United Kingdom,B16 9RR,Mooring,724-834-8831,http://www.socorrobalandran.com
24,Reyna,Bangle,reyna@bangle.com,143 Station Road,Birmingham,United Kingdom,B16 8AE,C & R Contractors Inc,516-627-9033,http://www.reynabangle.com
25,Bette,Barcelona,bette@barcelona.com,139 Woodlands Road,Birmingham,United Kingdom,B67 6EN,"Fischer, William R Esq",907-456-4144,http://www.bettebarcelona.com
26,Jessie,Barkle,jessie@barkle.com,58 Winchfield Drive,Birmingham,United Kingdom,B77 5PQ,Days Inn Airport By Mall Amer,325-677-2343,http://www.jessiebarkle.com
29,Rolando,Baumann,rolando@baumann.com,9 Warwick Court,Edgbaston,United Kingdom,B13 0AN,Erie Brush Co,503-241-7691,http://www.rolandobaumann.com
31,Cyril,Behen,cyril@behen.com,51 Downside Road,Birmingham,United Kingdom,B67 5AW,National Paper & Envelope Corp,714-772-3859,http://www.cyrilbehen.com
32,Eduardo,Bellendir,eduardo@bellendir.com,100 Rotten Park Road,Birmingham,United Kingdom,B32 3XE,Powers & Assocs,570-822-6267,http://www.eduardobellendir.com
34,Lacy,Belmont,lacy@belmont.com,3 Abberley Road,Birmingham,United Kingdom,B7 4LJ,House Boat Rentals Inc,914-241-2272,http://www.lacybelmont.com
35,Ike,Benthin,ike@benthin.com,5 Ingoldsby Court,Birmingham,United Kingdom,B30 1UN,"Lee, Harry Esq",415-255-6543,http://www.ikebenthin.com
37,Patty,Bernasconi,patty@bernasconi.com,"Apartment 43, Liberty Place",Wolverhampton,United Kingdom,B24 9JN,Porter Wright Morris & Arthur,808-531-6234,http://www.pattybernasconi.com
38,Norman,Betance,norman@betance.com,313 Quinton Road ,Birmingham,United Kingdom,SA14 8DW,Precision Electric Co Inc,480-991-6547,http://www.normanbetance.com
39,Eli,Bettner,eli@bettner.com,36 Burnaston Road,Birmingham,United Kingdom,B17 OTN,"Shea, David J Esq",509-689-1394,http://www.elibettner.com
41,Laurie,Bibbs,laurie@bibbs.com,20 The Hawnelands,Birmingham,United Kingdom,DY4 7XH,Action Nursing Care Llc,505-881-3771,http://www.lauriebibbs.com
42,Raphael,Bickel,raphael@bickel.com,26 Cobb Close,Birmingham,United Kingdom,B15 2QY,S Shamash & Sons Inc,818-246-4734,http://www.raphaelbickel.com
43,Laurie,Bigg,laurie@bigg.com,48 Meadowfield Road,Bearwood,United Kingdom,B32  1NS,Essc Inc,586-247-9791,http://www.lauriebigg.com
44,Marietta,Bjornberg,marietta@bjornberg.com,Wordsworth House,Birmingham,United Kingdom,B64 6RA,Consolidated Mechanical Inc,406-728-5507,http://www.mariettabjornberg.com
45,Stacey,Blow,stacey@blow.com,14 Blossom Avenue,Birmingham,United Kingdom,B16 8AE,"Schechter, Jeffrey S Esq",909-874-8538,http://www.staceyblow.com
46,Elvira,Blumenthal,elvira@blumenthal.com,100 Abbey Road,Birmingham,United Kingdom,B47 6EP,Stell Mortgage Investors,319-524-9435,http://www.elvirablumenthal.com
47,Christa,Bodenschatz,christa@bodenschatz.com,11 Astley Crescent,Birmingham,United Kingdom,B30 2LY,Stationers Inc,217-443-6382,http://www.christabodenschatz.com
48,Joey,Bolick,joey@bolick.com,62 Clifton Rd,Coventry,United Kingdom,B30 2YE,Utility Trailer Sales,405-728-5244,http://www.joeybolick.com
49,Sean,Bonnet,sean@bonnet.com,108 Galton Road,Hanbury,United Kingdom,B1 1TB,Corporate Alternatives Inc,708-474-0011,http://www.seanbonnet.com
50,Samantha,Bordwell,samantha@bordwell.com,31 Prospect Road,Birmingham,United Kingdom,B14 4BG,Interwest Freight System Inc,305-247-4599,http://www.samanthabordwell.com
51,Dionne,Borycz,dionne@borycz.com,179 Mary Vale Road,Birmingham,United Kingdom,B63 3TY,Pepsi Cola Dr Pepper Bottling,301-294-7523,http://www.dionneborycz.com
52,Bridget,Bottella,bridget@bottella.com,"Flat 2, 104 Dudley Road",Birmingham,United Kingdom,B30 1DD,Mid State Construction Prod,210-224-4881,http://www.bridgetbottella.com
53,Bryant,Bouliouris,bryant@bouliouris.com,Flat 47 Thimblemill Court,Birmingham,United Kingdom,B62 ODA,"Medlin, Charles K Jr",307-733-6041,http://www.bryantbouliouris.com
54,Marquita,Bousman,marquita@bousman.com,333 Eachelhurst Road,Moseley,United Kingdom,B43 7PE,"Constantine, Katherine A Esq",845-986-2447,http://www.marquitabousman.com
55,Jannie,Bowditch,jannie@bowditch.com,"Flat 2, 6 Hopton Grove",Birmingham,United Kingdom,B38 9UN,Lindsays Landing Rv Pk & Mrna,816-765-3469,http://www.janniebowditch.com
56,Robt,Braithwaite,robt@braithwaite.com,Friars Acre,Smethwick,United Kingdom,B37  1AS,"Meyer, Janet Md",641-342-6031,http://www.robtbraithwaite.com
57,Lane,Brantz,lane@brantz.com,39 Cullistra Apartments,Birmingham,United Kingdom,B90 3NB,Kings Inn,320-587-3448,http://www.lanebrantz.com
58,Davis,Brevard,davis@brevard.com,"89, Middle Park Road",Birmingham,United Kingdom,B14 7DY,Transit Trading Corp,330-533-8211,http://www.davisbrevard.com
59,Kylie,Bridgeman,kylie@bridgeman.com,513 Trident House,Birmingham,United Kingdom,B48 7LP,Thomas & Libowitz Pa,412-741-4236,http://www.kyliebridgeman.com
61,Travis,Brockert,travis@brockert.com,256 Flaxley Road,Birmingham,United Kingdom,B32 3XE,Santa Cruz Title Co,602-995-0966,http://www.travisbrockert.com
62,Pamala,Brodtmann,pamala@brodtmann.com,256 Flaxley Road,Birmingham,United Kingdom,TF1 3QS,"Gagen, William E Jr",808-926-6173,http://www.pamalabrodtmann.com
63,Candice,Bruckman,candice@bruckman.com,51 Hawkes Close,Sutton Coldfield,United Kingdom,B29 7RG,Fernando Foods Inc,515-332-9083,http://www.candicebruckman.com
64,Rebeca,Brumet,rebeca@brumet.com,21 Clifford Road,Dudley,United Kingdom,B93 8JY,Kingston Office Supplies Inc,773-772-1603,http://www.rebecabrumet.com
65,Kenya,Bruni,kenya@bruni.com,Flat 15 Major Court,Birmingham,United Kingdom,B38 8AJ,"Hurley, Thomas J Jr",201-646-8526,http://www.kenyabruni.com
67,Vivian,Brzostowski,vivian@brzostowski.com,165 Cateswell Road,Ironbridge,United Kingdom,B17 9RD,"Savage, Philip M Iii",215-788-3902,http://www.vivianbrzostowski.com
68,Beverley,Bunche,beverley@bunche.com,35 Redhill Close,Stratford Upon Avon,United Kingdom,B29 5BU,Nurses Organization Vets Affrs,305-591-7751,http://www.beverleybunche.com
69,Diann,Burigsay,diann@burigsay.com,19a Poplar Crescent,Telford,United Kingdom,B16 8AE,"Snyder, Stephen E Esq",310-321-0564,http://www.diannburigsay.com
70,Leslie,Cackowski,leslie@cackowski.com,15 Staple Hall Road,Birmingham,United Kingdom,B14 5AX,"Re, Matthew R Esq",505-325-9042,http://www.lesliecackowski.com
71,Naomi,Caetano,naomi@caetano.com,Friars Acre,Birmingham,United Kingdom,B1 3AQ,Bashlin Industries Inc,201-569-5795,http://www.naomicaetano.com
72,Beverly,Cambel,beverly@cambel.com,"Flat 25, Brindley Point",Birmingham,United Kingdom,B16 8AE,Mcintyre Mcintyre & Mcintyre,907-272-3618,http://www.beverlycambel.com
73,Audra,Cantu,audra@cantu.com,128 Station Road,Birmingham,United Kingdom,B29 6RX,Chesapeake Telephone Systems,908-756-5441,http://www.audracantu.com
75,Lynda,Caraway,lynda@caraway.com,20 Middleton Hall Road,Birmingham,United Kingdom,B62 9HB,Lowe Art Museum,215-564-2241,http://www.lyndacaraway.com
76,Hans,Carlan,hans@carlan.com,"Apartment 91, Newhampton Lofts",Whittington,United Kingdom,B16 8AE,Midlen & Guillot Chartered,907-276-6002,http://www.hanscarlan.com
78,Martin,Carley,martin@carley.com,13 Victoria Street,Birmingham,United Kingdom,B29 5JD,"Heil, John P Esq",828-586-8059,http://www.martincarley.com
81,Rita,Center,rita@center.com,7 Thuree Road,Birmingham,United Kingdom,WS1 2PJ,R D Playman Co,337-269-7011,http://www.ritacenter.com
82,Adela,Cervantsz,adela@cervantsz.com,"17, Sheepcote Street",Birmingham,United Kingdom,B32 2TA,Arizona Awards,205-755-1034,http://www.adelacervantsz.com
83,Lesa,Chantry,lesa@chantry.com,93 Fountain Road,Kent,United Kingdom,HR8 2JX,Lutz Cichy Selig & Zeronda,215-923-9492,http://www.lesachantry.com
85,John,Chipley,john@chipley.com,54 Nottingham Road,Worcester,United Kingdom,B16 8AE,Manpower Temporary Services,201-224-7282,http://www.johnchipley.com
86,Robyn,Christophel,robyn@christophel.com,12 William Court,Birmingham,United Kingdom,B90 8NB,"Woodward, John C Esq",702-458-2093,http://www.robynchristophel.com
87,Gaston,Cieloszyk,gaston@cieloszyk.com,18 Edward Court,Birmingham,United Kingdom,B18 7JT,Center For Hope Hospice Inc,724-479-7077,http://www.gastoncieloszyk.com
88,Hanna,Cinkan,hanna@cinkan.com,50 Staple Hill Road,Sutton Coldfield,United Kingdom,B62 9ND,Northbrook Flowers,305-477-7089,http://www.hannacinkan.com
91,Petra,Clemmens,petra@clemmens.com,28 April Croft,Birmingham,United Kingdom,B16 8AE,Belton Industries Inc,561-394-1574,http://www.petraclemmens.com
93,Wilmer,Constantineau,wilmer@constantineau.com,Dove Dale,Birmingham,United Kingdom,B47 5ND,Nutra Source,541-345-4884,http://www.wilmerconstantineau.com
94,Madonna,Cosby,madonna@cosby.com,130 Shenley Fields Road,Redditch,United Kingdom,B13 8ET,Emanuel Reider Architects Inc,415-956-5134,http://www.madonnacosby.com
96,Corinne,Cowan,corinne@cowan.com,101 Warren Hill Road,Sutton Coldfield,United Kingdom,B13 9DA,Ward Equipment Co,406-628-9418,http://www.corinnecowan.com
98,Rubin,Crotts,rubin@crotts.com,27 Carters Lane,Birmingham,United Kingdom,B47 6LE,"Misko, Charles G Esq",760-327-0929,http://www.rubincrotts.com
99,Morton,Crummell,morton@crummell.com,"17, Sheepcote Street",Edgbaston,United Kingdom,B31 3TH,Boykin Management Co,303-546-1589,http://www.mortoncrummell.com
101,Dwain,Cuttitta,dwain@cuttitta.com,5 Vesey Road,Skirlaugh,United Kingdom,CV35 8BT,Kintech Stamping Inc,202-265-9475,http://www.dwaincuttitta.com
103,Jeanie,Dalen,jeanie@dalen.com,The Mount House,Ironbridge,United Kingdom,B76 8DS,Ivs Media Inc,215-788-7666,http://www.jeaniedalen.com
104,Danny,Dales,danny@dales.com,"Flat 2, 2B Oxford Road",Birmingham,United Kingdom,B20 2LG,Barrett Bindery Co,602-225-9028,http://www.dannydales.com
106,Brant,Darnel,brant@darnel.com,6 Tenbury Road,Tipton,United Kingdom,B17 8EH,"Cody, Daniel S Esq",440-974-7476,http://www.brantdarnel.com
107,Rosalyn,Daulton,rosalyn@daulton.com,6 Tenbury Road,Birmingham,United Kingdom,B11 4JG,Rodgard Corp,973-338-1603,http://www.rosalyndaulton.com
108,Isaac,Davensizer,isaac@davensizer.com,71 The Ridge,Birmingham,United Kingdom,B29 7RD,Dillon Measurement Instruments,808-544-6357,http://www.isaacdavensizer.com
109,Tamara,Declue,tamara@declue.com,3/270 Edward Road,Birmingham,United Kingdom,B29 5DU,Glen Burnie The Bank Of,713-871-6355,http://www.tamaradeclue.com
110,Delmer,Delucas,delmer@delucas.com,37 Woodland Road,Berkshire,United Kingdom,B21 9AQ,American Processing Co Inc,716-874-3467,http://www.delmerdelucas.com
111,Miquel,Demicco,miquel@demicco.com,94 Abbey Road,Birmingham,United Kingdom,OX17 2BJ,Welk Resort Center,303-730-8087,http://www.miqueldemicco.com
112,Sabrina,Deppert,sabrina@deppert.com,4 Ann Road,Birmingham,United Kingdom,B76 1XT,Americold,602-954-6266,http://www.sabrinadeppert.com
113,Lashonda,Derouen,lashonda@derouen.com,26 Chancellors Close,Birmingham,United Kingdom,B17 8QA,Travel Agent Magazine,703-684-0307,http://www.lashondaderouen.com
116,Suzette,Devaughan,suzette@devaughan.com,125 Grange Road,Solihull,United Kingdom,WR5 7NN,Anchor Graphics Inc,201-342-9862,http://www.suzettedevaughan.com
118,Justina,Dragaj,justina@dragaj.com,Field View,Solihull,United Kingdom,B16 8AE,"Uchner, David D Esq",901-327-2911,http://www.justinadragaj.com
119,Oma,Duffy,oma@duffy.com,Field View,Birmingham,United Kingdom,DY3 1LN,Laun Law Offices,937-746-4129,http://www.omaduffy.com
120,Rene,Dummermuth,rene@dummermuth.com,32 Kesworth Drive,Birmingham,United Kingdom,B42 1LJ,Super 8 Motel,973-292-5898,http://www.renedummermuth.com
121,Willa,Dutt,willa@dutt.com,5 Brambling,Warwickshire,United Kingdom,B16 8AE,Gutmann Leather Co Inc,907-456-2187,http://www.willadutt.com
122,Charity,Dyckman,charity@dyckman.com,6 Camino Road,Birmingham,United Kingdom,B16 8AE,"Marriott, Frank Jr",907-349-4449,http://www.charitydyckman.com
124,Waldo,Edberg,waldo@edberg.com,Le Collet,Llanelli,United Kingdom,B26 2DH,Bush Building Corporation,662-842-8645,http://www.waldoedberg.com
127,Millicent,Ekstrom,millicent@ekstrom.com,118 Craythorn Avenue,Birmingham,United Kingdom,B67 5JN,Personal Creations Inc,812-537-5442,http://www.millicentekstrom.com
128,Renae,Eldrige,renae@eldrige.com,Flat 8 Broughton Court,Birmingham,United Kingdom,B76 2SX,Pexco Packaging Corp,585-591-9104,http://www.renaeeldrige.com
130,Vernon,Engelman,vernon@engelman.com,21 Orwell Road,Stirchley,United Kingdom,B16 8AE,Atlas Metal Cutting Inc,920-748-3703,http://www.vernonengelman.com
131,Lashonda,Enote,lashonda@enote.com,92 Dagger Lane,SellyOak,United Kingdom,B1 2HL,Nichols Village The Inn,818-704-7539,http://www.lashondaenote.com
132,Misty,Ericksen,misty@ericksen.com,92 Dagger Lane,Solihull,United Kingdom,N4 2DN,Graham & Associates Inc,509-235-1856,http://www.mistyericksen.com
135,Vince,Ettel,vince@ettel.com,6 Heathlands Crescent,Birmingham,United Kingdom,B68 8JL,Breen Trucking,402-399-6478,http://www.vinceettel.com
136,Kerry,Evertt,kerry@evertt.com,34 Mushroom Hall Road,Solihull,United Kingdom,B90 2ET,Washington Crossing Inn,407-332-1718,http://www.kerryevertt.com
137,Erica,Eyrich,erica@eyrich.com,72 Willows Crescent,Birmingham,United Kingdom,B29 5BN,C & I Computer Services Inc,406-728-4789,http://www.ericaeyrich.com
138,Hannah,Facio,hannah@facio.com,"Flat 5, 43 Woodbridge Road",Birmingham,United Kingdom,WS2 0NB,Cmptr Pros For Scl,706-283-6916,http://www.hannahfacio.com
139,Jeri,Farstvedt,jeri@farstvedt.com,35 Pitmaston Court,Edbgbaston,United Kingdom,B1 1UD,"Regan, Denis J Esq",818-986-6786,http://www.jerifarstvedt.com
140,Angelo,Ferentz,angelo@ferentz.com,12 Bewdley Road,SellyOak,United Kingdom,B48 7NR,"Reagan, William L Esq",323-262-8693,http://www.angeloferentz.com
143,Karen,Flierl,karen@flierl.com,134 Sandford Road,Birmingham,United Kingdom,B14 4NE,Cook Vetter Doerhoff,512-477-1407,http://www.karenflierl.com
144,Taylor,Fogerty,taylor@fogerty.com,51 Higgs Field Crescent,Birminghm,United Kingdom,B16 9LQ,Khoury Factory Outlet,303-465-2109,http://www.taylorfogerty.com
145,Marla,Folz,marla@folz.com,38 Copse Close,Stourbridge,United Kingdom,HR8 2JX,Odonoghue C Kevin,256-464-6964,http://www.marlafolz.com
147,Athena,Fontanilla,athena@fontanilla.com,Skye West,Birmingham,United Kingdom,B67  5LP,Willamette Hobbies,215-438-1716,http://www.athenafontanilla.com
148,Geri,Forness,geri@forness.com,60 Sandy Hill Road,Moseley,United Kingdom,B29 7SS,Quality Dynamics Group,812-738-4816,http://www.geriforness.com
149,Byron,Fortuna,byron@fortuna.com,7 East Pathway,Birmingham,United Kingdom,B13 9DA,Jackson & Collins Pa,406-549-4641,http://www.byronfortuna.com
153,Cherie,Fuhri,cherie@fuhri.com,57 Wood Lane,Edgbaston,United Kingdom,B16 8AE,Continental Baking Co,907-456-8467,http://www.cheriefuhri.com
157,Jarvis,Galas,jarvis@galas.com,16 Moorhills Croft,Solihull,United Kingdom,B91 2DZ,Younghans & Burke,912-236-8705,http://www.jarvisgalas.com
158,Mildred,Gallegas,mildred@gallegas.com,1 Cadbury  Road,Birmingham,United Kingdom,B16 8AE,"Rogers, William A Jr",302-792-1282,http://www.mildredgallegas.com
159,Kay,Ganguli,kay@ganguli.com,28 Callow Hill Road,Birmingham,United Kingdom,CV1 2BX,"Hanson, Bruce Esq",702-876-9367,http://www.kayganguli.com
161,Maryann,Garnette,maryann@garnette.com,93 Weoley Avenue,Moseley,United Kingdom,WV14  OUA,Catholic University Of,717-560-5625,http://www.maryanngarnette.com
162,Lana,Garrigus,lana@garrigus.com,70 Hay Green Lane,Birmingham,United Kingdom,B17,Russell Builders & Hardware,503-434-8121,http://www.lanagarrigus.com
163,Judy,Gartenmayer,judy@gartenmayer.com,49 Swindon Road,Walmley,United Kingdom,B14 7RX,Pro Infusion Pharm Inc,321-676-3378,http://www.judygartenmayer.com
164,Eddie,Gauer,eddie@gauer.com,9 Springfield Court,Birmingham,United Kingdom,B17 9HE,Easy Mail,515-233-6551,http://www.eddiegauer.com
165,Marion,Gaulden,marion@gaulden.com,49 Limberlost Close,Great Barr,United Kingdom,B63 3RT,"Madden, John H Jr",434-979-2694,http://www.mariongaulden.com
167,Gayla,Geimer,gayla@geimer.com,2 Avenue House,Moseley,United Kingdom,B16 8AE,Ortman Mccain Co,909-620-2768,http://www.gaylageimer.com
168,Deanna,Gerbi,deanna@gerbi.com,68 Sandhurst Road,Moseley,United Kingdom,B13 9TD,Centerville Historical Society,201-433-3619,http://www.deannagerbi.com
170,Allyson,Gillispie,allyson@gillispie.com,"25, Peartree Lane",Birmingham,United Kingdom,B73 5NP,De Friese Theo & Sons,609-584-0645,http://www.allysongillispie.com
171,Rich,Gleave,rich@gleave.com,30 Chelford Crescent,Birmingham,United Kingdom,B16 8AE,"Finkelstein, Bernard A Cpa",907-277-2227,http://www.richgleave.com
172,Ed,Gompf,ed@gompf.com,15 Regent Road,Birmingham,United Kingdom,B16 8AE,Corro Therm Inc,570-799-4583,http://www.edgompf.com
173,Tisha,Gorder,tisha@gorder.com,12 Sunnybank Road,Birmingham,United Kingdom,B14 6AD,Paroly Rampart Sec Systems,312-642-2664,http://www.tishagorder.com
174,Felipe,Gould,felipe@gould.com,18 Peacock Road,Llanelli,United Kingdom,DY8 1NF,"Black, Ronald H",228-875-6402,http://www.felipegould.com
175,Elisa,Gracely,elisa@gracely.com,35 Hollingberry Lane,Birmingham,United Kingdom,B38 8DP,"Alexander, Christine T Esq",718-627-9346,http://www.elisagracely.com
177,Valentine,Granberry,valentine@granberry.com,The Firs,Worcestershire,United Kingdom,B20 2NF,Sunnyvale Travel,407-775-0598,http://www.valentinegranberry.com
179,Naomi,Greenly,naomi@greenly.com,283 Church Road,Oldbury,United Kingdom,B14 7TD,Kpmg Peat Marwick Llp,256-845-2469,http://www.naomigreenly.com
180,Rena,Griffeth,rena@griffeth.com,30 Ashtree Road,Moseley,United Kingdom,B13 OSN,Reliable Optical,818-709-2649,http://www.renagriffeth.com
181,Alfonso,Griglen,alfonso@griglen.com,Bourne Cottage,Birmingham,United Kingdom,B73 5RE,Paul D Friedman,419-634-5733,http://www.alfonsogriglen.com
182,Shelley,Groden,shelley@groden.com,Titford Pump House,Birmingham,United Kingdom,B11 4ER,"Norton, Robert L Esq",210-229-9757,http://www.shelleygroden.com
183,Robin,Grotz,robin@grotz.com,131 Poplar Avenue,Birmingham,United Kingdom,B16 8AE,"Hackett, Peter J",903-792-5309,http://www.robingrotz.com
185,Jasmin,Gum,jasmin@gum.com,"114, Beamont Road",Birmingham,United Kingdom,CV21 1NF,"White, Samuel I Esq",978-562-5062,http://www.jasmingum.com
186,Sue,Haakinson,sue@haakinson.com,145 Park Hill Road,Birmingham,United Kingdom,B29 4ED,Kim Peacock Beringhause,602-953-0355,http://www.suehaakinson.com
187,Warren,Hacher,warren@hacher.com,22 Malt House Lane,Erdington,United Kingdom,B32 3XE,"Josel, Stephen C Esq",325-691-7394,http://www.warrenhacher.com
188,Bart,Hachey,bart@hachey.com,9 Treetops,Staffs,United Kingdom,B20 1LM,Pip Printing,330-533-6543,http://www.barthachey.com
189,Theron,Hambright,theron@hambright.com,9 Treetops,Birmingham,United Kingdom,B38 9AQ,Sensor Oil And Gas Inc,616-392-0226,http://www.theronhambright.com
190,Marlene,Hammeren,marlene@hammeren.com,32 Quorn House,Birmingham,United Kingdom,B16 8AJ,"Chamot, Philip S Esq",256-533-1176,http://www.marlenehammeren.com
191,Miranda,Hammitt,miranda@hammitt.com,124 Swanshurst Lane,Birmingham,United Kingdom,WS14 9NL,"Steindel, Carl R Md",956-541-9021,http://www.mirandahammitt.com
192,Jimmie,Hardgrove,jimmie@hardgrove.com,50 Holly Road,Birmingham,United Kingdom,B17 0RB,Prosthodontic Associates,212-980-6914,http://www.jimmiehardgrove.com
194,Bradly,Hasselvander,bradly@hasselvander.com,95 Humphrey Middlemore Drive,Erdington,United Kingdom,TF8 7RB,Public Works Department Office,310-374-2363,http://www.bradlyhasselvander.com
196,Jude,Haza,jude@haza.com,55 Marshwood Croft,Birmingham,United Kingdom,B30 2EN,Howard Fabrication,615-790-3042,http://www.judehaza.com
197,Brice,Hedglin,brice@hedglin.com,19 Jasmine Croft,Birmingham,United Kingdom,DY3 2XG,"Cupkovic, Walter D Esq",615-292-9027,http://www.bricehedglin.com
198,Davis,Heideman,davis@heideman.com,21 Kenrick House,Birmingham,United Kingdom,B6 4DQ,Dennis J Wall Atty At Law Pa,817-332-5439,http://www.davisheideman.com
200,Barbara,Hindley,barbara@hindley.com,51 Leighton Road,Stourbridge,United Kingdom,B27 7QU,Kirin Amgen,818-841-8221,http://www.barbarahindley.com
202,Sheila,Holloran,sheila@holloran.com,77 Bloomsbury Grove,Birmingham,United Kingdom,B17 9JU,Warehouse On Wheels,419-547-4835,http://www.sheilaholloran.com
204,Marta,Horner,marta@horner.com,"Studio 7, 19 Rock Street",Djudley,United Kingdom,B90 2QB,"Scisci, Pasquale M",858-265-6604,http://www.martahorner.com
205,Pat,Hoshaw,pat@hoshaw.com,98 Osmeston Road,Solihull,United Kingdom,B17 0RB,"Jorgensen, James L Esq",610-644-3252,http://www.pathoshaw.com
206,Jimmy,Hrobsky,jimmy@hrobsky.com,83 Lightwoods Road,Northfield,United Kingdom,B97 5UN,Howard Johnson,858-268-4964,http://www.jimmyhrobsky.com
207,Carla,Humble,carla@humble.com,26 Rectory Gardens,Birmingham,United Kingdom,B13 9PY,Express Printing Center,818-768-1832,http://www.carlahumble.com
208,Reginald,Humes,reginald@humes.com,"Flat5 Room 6, Anstey House",Birmingham,United Kingdom,B17 OEU,Cowley & Chidester,603-569-8142,http://www.reginaldhumes.com
210,Mari,Hwang,mari@hwang.com,178 Alcester Road South,Birmingham,United Kingdom,B12 OSU,Play Craft Pontoon Co,949-583-7758,http://www.marihwang.com
211,Lina,Hybarger,lina@hybarger.com,23 Kinsthorpe Road,Tamworth,United Kingdom,B13 9SN,L & H Central Office,202-833-3174,http://www.linahybarger.com
213,Helene,Iberg,helene@iberg.com,43 Hallam Street,West Bromwich,United Kingdom,B69 4NL,Spec Check Inc,440-786-9246,http://www.heleneiberg.com
214,Mitzi,Ihenyen,mitzi@ihenyen.com,Weeford house,Harborne,United Kingdom,B13 9PT,"Helm, Norman O",212-838-3221,http://www.mitziihenyen.com
216,Quintin,Isacson,quintin@isacson.com,24 Knightswood Close,University Of Birmingham,United Kingdom,HU11 5EW,Spectrum Constrctn & Dev Corp,323-469-3082,http://www.quintinisacson.com
217,Lucien,Iurato,lucien@iurato.com,54 Dufton Road,Stourbridge,United Kingdom,B29 7TL,Anderson Consulting,718-871-3483,http://www.lucieniurato.com
218,Meredith,Ivrin,meredith@ivrin.com,155 Park Hill Road,Tamworth,United Kingdom,B67 5HJ,Hamilton Financial Corp,217-446-2369,http://www.meredithivrin.com
219,Nelly,Jakuboski,nelly@jakuboski.com,Flat 2 Bracebridge Court,Birmingham,United Kingdom,B60 1DF,"Hammerman, Stanley M Esq",203-438-5109,http://www.nellyjakuboski.com
220,Timothy,Janski,timothy@janski.com,150 Milner Road,Birmingham,United Kingdom,B16 8AE,Snyder Chevrolet Olds Geo Co,907-344-4086,http://www.timothyjanski.com
221,Lee,Javens,lee@javens.com,4 Church Avenue,Birmingham,United Kingdom,B30 1BY,"Dyer, James R Esq",262-763-3845,http://www.leejavens.com
222,Roseann,Jerko,roseann@jerko.com,"17, Sheepcote Street",Birmingham,United Kingdom,B29  5JD,Larry Farmer Appraisal Co Inc,856-866-1542,http://www.roseannjerko.com
223,Karyn,Jinks,karyn@jinks.com,20 Fairyfield Avenue,Birmingham,United Kingdom,B6 4AS,"Maslen, David Esq",972-289-3319,http://www.karynjinks.com
227,Prince,Kauk,prince@kauk.com,2103 Bedford Road,Birmingham,United Kingdom,B16 8CW,Mckesson Drug Co,623-581-2472,http://www.princekauk.com
228,Lana,Keels,lana@keels.com,"109, Milcote Road",Solihull,United Kingdom,B5 7XR,"Veron, J Michael Esq",732-462-3575,http://www.lanakeels.com
230,Karla,Ken,karla@ken.com,153 Moor Green Lane,Birmingham,United Kingdom,B14 7DB,Nicollet Process Engineering,815-968-7904,http://www.karlaken.com
231,Rosalia,Kennemur,rosalia@kennemur.com,The Coach House,Birmingham,United Kingdom,B31 2HU,"Reagan, Thomas J Esq",318-335-1873,http://www.rosaliakennemur.com
233,Jimmie,Kertzman,jimmie@kertzman.com,35 Redhill Close,Birmingham,United Kingdom,B29 7AX,Oregon Pacific Trading Co,808-841-1772,http://www.jimmiekertzman.com
234,Savannah,Kesich,savannah@kesich.com,102 Berryfields,Birmingham,United Kingdom,B30 2BJ,Wbnd Am,435-645-9504,http://www.savannahkesich.com
235,Nickolas,Khosravi,nickolas@khosravi.com,10 Thames Court,Birmingham,United Kingdom,B92 7DX,"Brennan, Mary V Esq",949-646-0043,http://www.nickolaskhosravi.com
236,Carolina,Kinlaw,carolina@kinlaw.com,14 Spoon Drive,Bromsgrove,United Kingdom,B16 8AE,"Loftus, Daniel B Esq",908-874-4873,http://www.carolinakinlaw.com
237,Kennith,Kirklin,kennith@kirklin.com,"Flat 8, Regent House",Bournville,United Kingdom,WV10 9A,Sears Roebuck And Co,615-385-6946,http://www.kennithkirklin.com
238,Judi,Kivel,judi@kivel.com,28 April Croft,Birmingham,United Kingdom,B5 7PH,Postal Place At 111th Square,316-267-5183,http://www.judikivel.com
239,Randall,Kluemper,randall@kluemper.com,434 Quinton Road West,Wolverhampton,United Kingdom,B70 9UJ,Lifestyles Organization,603-356-6174,http://www.randallkluemper.com
240,Bridget,Knightly,bridget@knightly.com,73 Savoy Close,Birmingham,United Kingdom,WS1 2BJ,Teamsters Union Local 20,828-251-4242,http://www.bridgetknightly.com
241,Clarice,Knower,clarice@knower.com,226 Park Road,Birmingham,United Kingdom,B17 |ONY,"Yaffa, Andrew B Esq",773-846-1462,http://www.clariceknower.com
243,Yvette,Kokoska,yvette@kokoska.com,"17, Sheepcote Street",Birmingham,United Kingdom,B44 ORJ,Automation Products Inc,650-468-7716,http://www.yvettekokoska.com
244,Armando,Kolm,armando@kolm.com,8 Forge Lane,Birmingham,United Kingdom,B16 8AE,Cooper & Cooper Cpas,864-260-9205,http://www.armandokolm.com
247,Rosalind,Krenzke,rosalind@krenzke.com,134 Upper Meadow Road,Warley,United Kingdom,B30 1DD,Waldein Manufacturing,763-537-3885,http://www.rosalindkrenzke.com
248,Derek,Kreutzbender,derek@kreutzbender.com,151 Sycamore Road,Birmingham,United Kingdom,B29 6PR,Recycle Metals Corp,414-271-6234,http://www.derekkreutzbender.com
250,Carol,Krisman,carol@krisman.com,52 Eva  Road,Birmingham,United Kingdom,B13 9HF,Uniglobe Transeas Travel,212-472-9579,http://www.carolkrisman.com
251,Tricia,Kruss,tricia@kruss.com,10 Estmoor Crescent,Stourbridge,United Kingdom,B17 0JU,"Edwards, Elwood L",515-262-6264,http://www.triciakruss.com
252,Ione,Kucera,ione@kucera.com,6 Mill Bank Mews,Warley,United Kingdom,B62 0BQ,Tweedy Penney & Crawford,808-671-3048,http://www.ionekucera.com
253,Rudy,Kuhle,rudy@kuhle.com,222 Green Meadow Road,Ledbury,United Kingdom,B24 8PG,General Insurcorp Inc,212-628-1234,http://www.rudykuhle.com
254,Milton,Kuhlman,milton@kuhlman.com,4 Stapleton Close,Solihull,United Kingdom,B92 9LW,Imag Corp,870-836-2283,http://www.miltonkuhlman.com
255,Fred,Kunde,fred@kunde.com,6 Camino Road,Birmingham,United Kingdom,B16 ORP,"Swanson, Victoria C Esq",805-991-4665,http://www.fredkunde.com
256,Bernard,Laboy,bernard@laboy.com,86 Claypit Lane,Birmingham,United Kingdom,B23   7BY,Century 21 Keewaydin Prop,815-467-1244,http://www.bernardlaboy.com
257,Jeremy,Lampi,jeremy@lampi.com,12 Margaret Road,Halesowen,United Kingdom,B13 9HP,E Henderson Inc,570-296-4647,http://www.jeremylampi.com
258,Emilio,Lampkin,emilio@lampkin.com,704a King Edward?s Wharf,Birmingham,United Kingdom,B31 3XU,"Hendricks, Kenneth J Cpa",856-629-3337,http://www.emiliolampkin.com
259,Conrad,Lanfear,conrad@lanfear.com,8 Deepwood Grove,Birmingham,United Kingdom,B43 7TR,"Kahler, Karen T Esq",330-758-3536,http://www.conradlanfear.com
261,Rachel,Larrison,rachel@larrison.com,19 Wellington Road,Edgbaston,United Kingdom,DY9 0HA,Ipa The Editing House,440-282-6918,http://www.rachellarrison.com
262,Edwin,Lavelli,edwin@lavelli.com,17 Vesey Road,Birmingham,United Kingdom,B16 8AE,Letterguide Co,330-385-9959,http://www.edwinlavelli.com
263,Van,Leanen,van@leanen.com,238 Longmore Road,Exeter,United Kingdom,DY10 3JF,Mail Boxes Etc,573-365-1055,http://www.vanleanen.com
265,Reva,Lecates,reva@lecates.com,Keepers Lodge,Birmingham,United Kingdom,B16 8AE,First American Rlty Assoc Inc,904-261-2123,http://www.revalecates.com
270,Garfield,Lijewski,garfield@lijewski.com,313 Quinton Road ,Birmingham,United Kingdom,B63 3RT,"Denker, Aaron Esq",773-976-5586,http://www.garfieldlijewski.com
271,Kyle,Lindauer,kyle@lindauer.com,2-322 Alcester Road,Birmingham,United Kingdom,B74 3JS,Gem Tec Inc,602-258-8609,http://www.kylelindauer.com
273,Valeria,Lingbeek,valeria@lingbeek.com,16 Manor Drive,Nottingham,United Kingdom,B32 2DU,Recreation Director,215-968-1567,http://www.valerialingbeek.com
274,Amos,Linnan,amos@linnan.com,39 Syratton Stret,Wolvern,United Kingdom,B14 7ES,"Quincy, Jim",773-277-4756,http://www.amoslinnan.com
276,Savannah,Loffier,savannah@loffier.com,32 Lanchester Road,Birmingham,United Kingdom,B8 2UF,Saint Charles Catv,918-337-4947,http://www.savannahloffier.com
277,Claudio,Loose,claudio@loose.com,15 Monkton Road,Warley,United Kingdom,B31 2RQ,Audiotek Electronics,732-442-1775,http://www.claudioloose.com
280,Simone,Lundie,simone@lundie.com,33 Colebank Road,Birmingham,United Kingdom,B13 9TB,"Casebolt, Victor S Esq",215-732-8257,http://www.simonelundie.com
281,Dwayne,Maddalena,dwayne@maddalena.com,133  Dawlish  Road,Birmingham,United Kingdom,B16 8AE,"Ebbeson, James O Esq",309-347-9282,http://www.dwaynemaddalena.com
282,Marcelino,Maggs,marcelino@maggs.com,1 Browning Close,Bromsgrove,United Kingdom,B17 9DN,Rascher & Betzold Inc,407-420-7195,http://www.marcelinomaggs.com
285,Fausto,Marks,fausto@marks.com,14 Upper Ashley Street,Birmingham,United Kingdom,B29 6BU,"Donohue, Brian C Esq",617-451-2136,http://www.faustomarks.com
286,Mac,Marksberry,mac@marksberry.com,92 Bournbrook Road,Edgbaston,United Kingdom,B12 9ND,"Pursell, David B Esq",402-845-8229,http://www.macmarksberry.com
287,Sybil,Marmerchant,sybil@marmerchant.com,534 Holly Lane,Lichfield,United Kingdom,B11 1LL,Blvd Distillers & Importers,717-845-4736,http://www.sybilmarmerchant.com
288,Christian,Marnell,christian@marnell.com,8 Salutary Mount,Birmingham,United Kingdom,B16 8AE,"Wenick, George D Esq",937-293-6782,http://www.christianmarnell.com
289,Son,Marschke,son@marschke.com,101 Riversdale Road,Birmingham,United Kingdom,B16 8AE,Evenings Dlght Fireplaces,570-969-8176,http://www.sonmarschke.com
291,Bess,Marso,bess@marso.com,40 Sandhurst Road,Staffs,United Kingdom,B16 8AE,Lesher Printers Inc,714-895-8188,http://www.bessmarso.com
292,Alejandro,Mascall,alejandro@mascall.com,414 Ridgacre Road West,Birmingham,United Kingdom,B70 9UJ,Railway Educational Bureau,703-684-8561,http://www.alejandromascall.com
293,Damion,Matkin,damion@matkin.com,22B Chedworth Court,Birmingham,United Kingdom,B14,Data Ware Development Inc,303-295-3867,http://www.damionmatkin.com
298,Kurtis,Mcbay,kurtis@mcbay.com,14 Benson Road,Birmingham,United Kingdom,B29 4BP,P C Enterprises Ltd,215-946-6458,http://www.kurtismcbay.com
299,Cary,Mccamey,cary@mccamey.com,21 Moorhills Croft,Birmingham,United Kingdom,B13 8LT,Williams Scotsman,614-225-1612,http://www.carymccamey.com
300,Antione,Mccleary,antione@mccleary.com,30 Sheldon Heath Road ,Birmingham,United Kingdom,B74 3RB,Cerberus Pyrotronics,701-293-7439,http://www.antionemccleary.com
303,Lamar,Mckibben,lamar@mckibben.com,21 Carmelite Road,Birmingham,United Kingdom,CV37 0RH,"Battaglia, Jack M Esq",415-864-7623,http://www.lamarmckibben.com
304,Petra,Mcnichol,petra@mcnichol.com,179 Alcester Road South,Worcester,United Kingdom,B24 9LY,Hyacinth Foundation Aids Proj,630-289-8985,http://www.petramcnichol.com
306,Fabian,Mcshaw,fabian@mcshaw.com,102 Knightlow Road,Birmingham,United Kingdom,HU11 5EW,"Bodik, Michael G Esq",323-726-8499,http://www.fabianmcshaw.com
308,Curt,Menedez,curt@menedez.com,35 Kendal Rise Road,Birmingham,United Kingdom,B13 0SN,J & J Machinery Repair Inc,813-932-4548,http://www.curtmenedez.com
309,Darren,Merlin,darren@merlin.com,"Apartment 6, Meadow Croft",Birmingham,United Kingdom,B33 9HB,Pozzuolo & Perkiss Pc,217-428-1491,http://www.darrenmerlin.com
311,Freida,Michelfelder,freida@michelfelder.com,"40, Asbury Court",Birmingham,United Kingdom,B13 8EH,Fun Discovery Inc,404-521-3223,http://www.freidamichelfelder.com
312,Chad,Miklas,chad@miklas.com,34 Centenary Plaza,Birmingham,United Kingdom,B30 2RG,Red Carpet Inn,716-655-2749,http://www.chadmiklas.com
313,Ezekiel,Mildon,ezekiel@mildon.com,19 Somercotes Road,Dunfurmline,United Kingdom,B28 8EZ,Ace Pro Pest Cntrl Inc,617-494-3365,http://www.ezekielmildon.com
314,Johnie,Minaai,johnie@minaai.com,128 Station Road,Birmingham,United Kingdom,B18 6BG,"Darling, Pamela E",201-592-8423,http://www.johnieminaai.com
315,Zackary,Mockus,zackary@mockus.com,102 Veronica Road,"Selly Oak,",United Kingdom,B38 9PH,Metropolitan Elevator Co,732-442-5218,http://www.zackarymockus.com
316,Maurine,Monroy,maurine@monroy.com,367 Oakwood Road,Birmingham,United Kingdom,B2 5EE,Central Distribution System,201-947-4235,http://www.maurinemonroy.com
317,Frankie,Morein,frankie@morein.com,1 Ten nal Drive,Bromsgrove,United Kingdom,B29 4BP,"Oliver, Jerrold B Esq",203-975-4688,http://www.frankiemorein.com
320,Claire,Moyerman,claire@moyerman.com,125 Clydesdale Tower,Birmingnham,United Kingdom,WS14 9TG,Grt Nthrn Shoe Rpr & Dry Clnrs,303-337-5796,http://www.clairemoyerman.com
321,Logan,Muhl,logan@muhl.com,71 Gladys Road,Burton on Trent,United Kingdom,DY4 8OL,"Brown, Phillip C Esq",215-757-2785,http://www.loganmuhl.com
323,Darrin,Neiss,darrin@neiss.com,61 Monyhull Hall Road,Birmingham,United Kingdom,NG9 7ND,"Delaney, James J Jr",309-852-8638,http://www.darrinneiss.com
324,Tia,Neumaier,tia@neumaier.com,"Apartment 1, The Octohednan",Birmingham,United Kingdom,B17 9LA,Carterville Mini Storage,407-660-7628,http://www.tianeumaier.com
325,Shanna,Neundorfer,shanna@neundorfer.com,28 Newlands Road,Smethwick,United Kingdom,B29 7AG,Door Systems,215-426-8416,http://www.shannaneundorfer.com
329,Gale,Nolau,gale@nolau.com,16 Washington Wharf,Solihull,United Kingdom,B32 3PU,"Lust, C James Esq",607-277-6524,http://www.galenolau.com
331,Shanna,Numkena,shanna@numkena.com,12 Kings Green Avenue,Bimingham,United Kingdom,B13 8HD,Anderson Independent Mail,507-280-6844,http://www.shannanumkena.com
332,Val,Oborne,val@oborne.com,26 Overhill Drive,Birmingham,United Kingdom,DY5 4AA,Stone Container Corporation,818-767-5123,http://www.valoborne.com
333,Forest,Orea,forest@orea.com,10 Winnipeg Road,Birmingham,United Kingdom,B24 ODN,"Clark, Francis J",773-436-2636,http://www.forestorea.com
334,Enrique,Oroark,enrique@oroark.com,1 Patfield House,Birmingham,United Kingdom,B13 9HF,"Callaghan, Kathleen M Esq",212-366-6877,http://www.enriqueoroark.com
336,Emilia,Oxley,emilia@oxley.com,44 Merrivale Road,Great Barr,United Kingdom,B45 9BZ,Buckeye Reserve Title,214-702-4766,http://www.emiliaoxley.com
337,Rebekah,Padley,rebekah@padley.com,15 Griffin House,Birmingham,United Kingdom,BR6 8AG,Reed Engineering Inc,312-944-1477,http://www.rebekahpadley.com
339,Kristine,Paker,kristine@paker.com,12 Lydney Grove,Birmingham,United Kingdom,B17 9LP,Chagrin Valley Massotherapy,641-782-7962,http://www.kristinepaker.com
340,Kira,Papen,kira@papen.com,18 Tennyson Road,Birmingham,United Kingdom,B79 8NB,Tile City & Carpet Of Pa,619-464-8499,http://www.kirapapen.com
341,Armando,Papik,armando@papik.com,11 Hawthorne Road,Sutton Coldfield,United Kingdom,B20 1AQ,Cryogenic Society Of America,501-376-0608,http://www.armandopapik.com
343,Alva,Pennigton,alva@pennigton.com,60A Ardath Road,Birmingham,United Kingdom,B16 8AE,Citizens Savings Bank,904-260-3735,http://www.alvapennigton.com
345,Kennith,Peto,kennith@peto.com,27 Montreal House,Birmingham,United Kingdom,B73 6BS,"Kirschbaum, Thomas A Esq",770-455-6746,http://www.kennithpeto.com
346,Isiah,Phernetton,isiah@phernetton.com,187 Willow Avenue,Birmingham,United Kingdom,B13 8ET,Wyckoff Florist & Gifts,631-727-2147,http://www.isiahphernetton.com
347,Nathanial,Phoenix,nathanial@phoenix.com,187 Willow Avenue,Solihull,United Kingdom,B74 2PT,Precision Steel Rule Die Co,405-748-1856,http://www.nathanialphoenix.com
348,Dollie,Pillitteri,dollie@pillitteri.com,128 Beacon View,Harborne,United Kingdom,B64 6EH,Jiffy Moving & Storage Company,260-489-4697,http://www.dolliepillitteri.com
349,Sal,Pindell,sal@pindell.com,3 Cony Croft,Halesowen,United Kingdom,B21 7XE,"Wrigley, Robert I Esq",812-421-7625,http://www.salpindell.com
350,Terra,Plagge,terra@plagge.com,51 Greenhill Road,RowleyRegis,United Kingdom,B17 9AD,"Beach, Jeffrey E",812-477-9617,http://www.terraplagge.com
351,Luella,Pliner,luella@pliner.com,2 Houldsfield Mews,Solihull,United Kingdom,B27 7NE,United Waste Systems,850-434-5228,http://www.luellapliner.com
352,Valerie,Pou,valerie@pou.com,143 Station Road,Banbury,United Kingdom,B30 1DA,Sea Port Record One Stop Inc,610-395-6995,http://www.valeriepou.com
353,Alejandra,Prenatt,alejandra@prenatt.com,48 Lyndon Road,Birmingham,United Kingdom,B42 2JP,Mitchell De Burring Co,708-496-4617,http://www.alejandraprenatt.com
354,Edgardo,Prudente,edgardo@prudente.com,8 Featherstone Road,Bimingham,United Kingdom,B30 2LH,R A Hamilton Corp,972-660-0934,http://www.edgardoprudente.com
355,Allie,Pumphrey,allie@pumphrey.com,130 Melton Road,Birmingham,United Kingdom,B31 2FP,"Asher, Ronald L Md",812-477-4604,http://www.alliepumphrey.com
357,Brendan,Qin,brendan@qin.com,45 Hollywell Road,Belbroughton,United Kingdom,B45 8NP,Allegro Copy & Print,478-374-6992,http://www.brendanqin.com
358,Bertram,Quertermous,bertram@quertermous.com,366 Harborne Lane,Worcs,United Kingdom,B67 5NH,Florida Mining & Materials,302-655-4522,http://www.bertramquertermous.com
359,Tyron,Quillman,tyron@quillman.com,20 The Hawnelands,85410 La Caillere St. Hilaire,United Kingdom,B14 6DD,Analysts International Corp,703-354-2554,http://www.tyronquillman.com
360,Alene,Rabeck,alene@rabeck.com,49 The Hill,Brmingham,United Kingdom,B66 4DY,Bucks County Of,708-333-2125,http://www.alenerabeck.com
361,Veronica,Radman,veronica@radman.com,"Flat 3, Queens Court",Birmingham,United Kingdom,B47 5JR,"Martin, Anthony D Esq",434-979-9777,http://www.veronicaradman.com
362,Katina,Ramano,katina@ramano.com,11 Newhampton Crofts,Stourbridge,United Kingdom,B1 1NN,"Fuhrmann, Chris C Esq",718-272-8498,http://www.katinaramano.com
363,Keisha,Ransonet,keisha@ransonet.com,135 Tennal Road,Bewdley,United Kingdom,B67 6HN,Hsk Decker,907-488-2093,http://www.keisharansonet.com
364,Janet,Rathrock,janet@rathrock.com,33 Blythsford Road,Birmingham,United Kingdom,B14 7DB,"Ryder, Edward A Esq",815-877-9538,http://www.janetrathrock.com
365,Emery,Reek,emery@reek.com,6 April Croft,Birmingham,United Kingdom,B4 7DR,Metri Tech Engineering Inc,912-635-4039,http://www.emeryreek.com
366,Winnie,Reich,winnie@reich.com,85 Highbury Road,Edgbaston,United Kingdom,B29 7RQ,Pacific Seating Co,915-771-5729,http://www.winniereich.com
367,Caitlin,Reiniger,caitlin@reiniger.com,"Flat 5, 35 Paradise Street",Perry Barr,United Kingdom,DY6 8PA,"White, Lawrence R Esq",419-468-9018,http://www.caitlinreiniger.com
368,Reina,Reisenauer,reina@reisenauer.com,"Flat 3, Gillott Road",Birmingham,United Kingdom,B30 2PL,Terrance Fox,972-225-9569,http://www.reinareisenauer.com
370,Vernice,Resendes,vernice@resendes.com,175 Church Hill Road,Quinton,United Kingdom,B14 5YT,Sorrento Cheese Co Inc,818-768-7585,http://www.verniceresendes.com
371,Deandre,Resendiz,deandre@resendiz.com,203 Metchley Lane,Birmingham,United Kingdom,B17 8EG,Sav Mart,208-733-3476,http://www.deandreresendiz.com
374,Johnnie,Rheaves,johnnie@rheaves.com,110 Warwards Lane,Birmingham,United Kingdom,B11UQ,"Roberts, James A Cpa",714-632-7337,http://www.johnnierheaves.com
375,Felecia,Riedl,felecia@riedl.com,110 Warwards LAne,Solihull,United Kingdom,B18 6BF,"Benson, John S",801-486-6755,http://www.feleciariedl.com
376,Mara,Rineheart,mara@rineheart.com,"Flat 65, Room 06",Birmingham,United Kingdom,B63 3NS,Berry Naturipe Growers,610-262-6836,http://www.mararineheart.com
377,Haley,Rocheford,haley@rocheford.com,3 Lapal Lane North,Birmingham,United Kingdom,B1 6 9LS,"Davis, Robert L Esq",303-689-5219,http://www.haleyrocheford.com
379,Titus,Rodreguez,titus@rodreguez.com,"Flat 4, 63-65 Grosvenor Street West",Birmingham,United Kingdom,B16 8AE,Vasquez & Co,858-571-9047,http://www.titusrodreguez.com
380,Cruz,Roudabush,cruz@roudabush.com,85 Teignmouth Road,Birmingham,United Kingdom,B68 9PJ,Meridian Products,602-252-4009,http://www.cruzroudabush.com
381,Willard,Roughen,willard@roughen.com,Department of Italian Studies,Birmingham,United Kingdom,B16 9TA,Nakamura Oyama & Assocs Inc,817-265-0322,http://www.willardroughen.com
382,Bryan,Rovell,bryan@rovell.com,171 Shawhurst Lane,Harborne,United Kingdom,KY11 9GL,All N All Shop,201-939-9079,http://www.bryanrovell.com
383,Sadie,Rowlett,sadie@rowlett.com,To be confirmed,Birmingham,United Kingdom,B91 1TU,Port City Taxi Inc,718-365-5353,http://www.sadierowlett.com
384,Darrel,Ruffins,darrel@ruffins.com,22 Brockwood Copse,Birmingham,United Kingdom,B10 OHB,"Brickman, Arthur Cpa",727-821-5104,http://www.darrelruffins.com
385,Melody,Saddat,melody@saddat.com,85 Ivyfield Road,Selly Oak,United Kingdom,B73 5EP,"Richards, Edward W Esq",402-397-8391,http://www.melodysaddat.com
386,Doreen,Sakurai,doreen@sakurai.com,"59, Faulkes Farm Drive",Birmingham,United Kingdom,B90 1AG,Airlifter,212-759-7548,http://www.doreensakurai.com
387,Pierre,Salera,pierre@salera.com,Apartment 17,Birmingham,United Kingdom,B30 2NH,Ridley Ridley & Burnette,626-303-2569,http://www.pierresalera.com
389,Rosanna,Sandrock,rosanna@sandrock.com,185 Court Oak Road,Warley,United Kingdom,B13  8RJ,Computer X Consulting,404-627-4276,http://www.rosannasandrock.com
391,Concetta,Sarchett,concetta@sarchett.com,64 Cherington Road,Birmingham,United Kingdom,B32  1QG,Barco/chromatics Inc,816-274-6897,http://www.concettasarchett.com
392,Lynn,Saulsberry,lynn@saulsberry.com,22 Village Mews,Birmingham,United Kingdom,CV8 2TX,Printing Factory Inc,602-272-3143,http://www.lynnsaulsberry.com
393,Gil,Scarpa,gil@scarpa.com,23 Blenheim Road,Birmingham,United Kingdom,B32 JA,"Hughes, James D Esq",570-459-5191,http://www.gilscarpa.com
395,Janet,Schaffter,janet@schaffter.com,96 Knightwich Crescent,Birmingham,United Kingdom,B11 3DT,"Hall, Camden M Esq",219-853-9329,http://www.janetschaffter.com
396,Robin,Schartz,robin@schartz.com,42 Heathfield Road,Birmingham,United Kingdom,B9 5TE,Fairmount Country Club,530-477-7396,http://www.robinschartz.com
398,Angelique,Schermerhorn,angelique@schermerhorn.com,Apartment 21,Birmingham,United Kingdom,B71 4BS,Safety Direct Inc,386-328-1499,http://www.angeliqueschermerhorn.com
399,Benjamin,Schkade,benjamin@schkade.com,785 Longdales Road,Birmingham,United Kingdom,B16 8AE,Port Brownsville Pub Scale Inc,907-278-7166,http://www.benjaminschkade.com
401,Cherie,Schronce,cherie@schronce.com,22 Hlill Street,Birmingham,United Kingdom,B3 1DR,"Varda, John Duncan Esq",818-718-7339,http://www.cherieschronce.com
403,Allan,Schwantd,allan@schwantd.com,29 Teignmouth Road,Birmingham,United Kingdom,B62 0EY,Micro Wire Products,503-434-3863,http://www.allanschwantd.com
406,Lona,Scronce,lona@scronce.com,1 Darwin House,Birmingham,United Kingdom,B72 1AT,L & L Builders,570-296-2054,http://www.lonascronce.com
407,Eva,Seahorn,eva@seahorn.com,56 Corisand Road,Stourbridge,United Kingdom,B16 8AB,Saunders Appraisal Inc,603-673-5009,http://www.evaseahorn.com
408,Joey,Sedore,joey@sedore.com,6 Osborne Close,Birmingham,United Kingdom,B90 2QB,Goodwill Speciality Co,661-273-6263,http://www.joeysedore.com
409,Roger,Seid,roger@seid.com,21 Barn Lane,Warley,United Kingdom,B31 1XN,"Yoshida, Gerald C Esq",850-422-8152,http://www.rogerseid.com
411,Lynette,Setlock,lynette@setlock.com,82 Newhall Court,Birmingham,United Kingdom,B33 9HB,George S Olive & Co,216-566-2299,http://www.lynettesetlock.com
413,Ofelia,Sheffler,ofelia@sheffler.com,82 Wake Green Road,Birmingham,United Kingdom,B1 2AJ,Rimpsey Agency,805-483-5693,http://www.ofeliasheffler.com
414,Donald,Sherretts,donald@sherretts.com,24 Southwood Covert,Solihull,United Kingdom,B17 8JJ,Nylonge Corporation,415-255-7088,http://www.donaldsherretts.com
416,Marcie,Shulz,marcie@shulz.com,76 Cleveland Tower,Birmingham,United Kingdom,B17 8TR,United Printers Inc,210-524-1693,http://www.marcieshulz.com
417,Roman,Simone,roman@simone.com,6 Woolhouse Close,Birmingham,United Kingdom,B75 6EA,"Spottswood, William B Esq",513-732-2547,http://www.romansimone.com
418,Carla,Sirbaugh,carla@sirbaugh.com,23 Coven Grove,Northfield,United Kingdom,TF8 7RB,"Urso, Natale L Esq",310-412-1067,http://www.carlasirbaugh.com
419,Waldo,Sisk,waldo@sisk.com,75 Broadsmeath,Hayley Green,United Kingdom,B30 1EE,Muller Drugs Inc,727-934-7181,http://www.waldosisk.com
421,Garth,Skiffington,garth@skiffington.com,22 Alwell Street,Moseley,United Kingdom,B3 1QG,Fox & Killbride,973-684-6309,http://www.garthskiffington.com
422,Celia,Slavin,celia@slavin.com,82 Lodge Hill Road,Birmingham,United Kingdom,B14 6BB,Acra Aerospace Inc,773-256-2162,http://www.celiaslavin.com
423,Marisa,Smiler,marisa@smiler.com,28 Selly Wick Road,Ledbury,United Kingdom,B16 8AE,Star Systems Inc,631-673-1556,http://www.marisasmiler.com
424,Francis,Soo,francis@soo.com,164 Grange Road,Kidderminster,United Kingdom,B30 1DD,Allen Industrial Supply,608-269-3359,http://www.francissoo.com
425,Josephine,Sotlar,josephine@sotlar.com,2 Branden Road,Skirlaugh,United Kingdom,WV2 4PX,Shipp Storage,202-783-8805,http://www.josephinesotlar.com
426,Freeman,Soula,freeman@soula.com,30 Kightstone Avenue,Birmingham,United Kingdom,B30 2DX,"Henson, Claudia",479-394-7509,http://www.freemansoula.com
427,Owen,Sparacino,owen@sparacino.com,"Flat 4, 116 Oakfield Road",Birmingham,United Kingdom,B16 8AE,"Murtha, Thomas D Esq",901-324-4381,http://www.owensparacino.com
428,Warren,Speach,warren@speach.com,75 Forsythia Close,Harborne,United Kingdom,B16 9TA,E Norwalk Crmc Tile & Mrbl Co,908-322-6744,http://www.warrenspeach.com
429,Denise,Speegle,denise@speegle.com,17 Grayland Close,Birrmingham,United Kingdom,B18 6PR,Shipley Oil Company,847-870-6026,http://www.denisespeegle.com
431,Ray,Srock,ray@srock.com,23 Coven Grove,Birmingham,United Kingdom,B17 9HE,Tilt Lock Inc,480-585-4983,http://www.raysrock.com
432,Kira,Staffon,kira@staffon.com,21 Moorhills Croft,Birmingham,United Kingdom,B23 7HN,International Management Assoc,808-949-8257,http://www.kirastaffon.com
433,Kris,Stanzak,kris@stanzak.com,33 Coleshill Close,Wylde Green,United Kingdom,B38 9PB,Cenref Labs,563-557-6308,http://www.krisstanzak.com
434,Mayme,Staub,mayme@staub.com,"17, Sheepcote Street",Rubery,United Kingdom,B16 8AE,River House Hotel,908-234-9433,http://www.maymestaub.com
435,Fannie,Steese,fannie@steese.com,"17, Sheepcote Street",Worcs,United Kingdom,B12 9PN,"Chiapete, W Richard Esq",850-222-0105,http://www.fanniesteese.com
436,Krystle,Stika,krystle@stika.com,"17, Sheepcote Street",Birmingham,United Kingdom,SL6 2DE,Signature Inn,281-537-3235,http://www.krystlestika.com
438,Pilar,Suddeth,pilar@suddeth.com,446 Rowood Drive,Stourbridge,United Kingdom,B90 2PX,Slant Fin Corp,949-852-9027,http://www.pilarsuddeth.com
439,Helena,Suermann,helena@suermann.com,"17, Sheepcote Street",Birmingham,United Kingdom,B17 9RT,"Stubenberge, James A Esq",650-965-3368,http://www.helenasuermann.com
442,Katina,Survant,katina@survant.com,"17, Sheepcote Street",Birmingham,United Kingdom,B48 7PB,Kgtv Channel 10,208-587-5574,http://www.katinasurvant.com
443,Eldon,Sutch,eldon@sutch.com,"17, Sheepcote Street",Birmingham,United Kingdom,B30 2DL,Friesen And Kane Public Accts,215-743-2529,http://www.eldonsutch.com
444,Dorothea,Sweem,dorothea@sweem.com,"17, Sheepcote Street",Four Oaks,United Kingdom,WR9   7EE,"Ehrmann, Rolfe F Esq",609-896-2099,http://www.dorotheasweem.com
445,Devon,Teston,devon@teston.com,"17, Sheepcote Street",Birminbgham,United Kingdom,B13 9ER,"Bilton, Dean H Esq",713-871-0838,http://www.devonteston.com
446,Antony,Thierauf,antony@thierauf.com,"17, Sheepcote Street",Birmingham,United Kingdom,B17 8SR,"Gutzwiller, Robert H Esq",208-667-5935,http://www.antonythierauf.com
448,Heriberto,Tivis,heriberto@tivis.com,"17, Sheepcote Street",Birmingham,United Kingdom,B16 8AE,Newood,919-460-4304,http://www.heribertotivis.com
449,Traci,Toomey,traci@toomey.com,72 Springfield Road,Birmingham,United Kingdom,B62 ODA,Pea Press,307-733-6525,http://www.tracitoomey.com
450,Denver,Topete,denver@topete.com,"17, Sheepcote Street",Birmingham,United Kingdom,B16 8AE,Insight Cablevision,858-457-0465,http://www.denvertopete.com
451,Darrel,Tork,darrel@tork.com,70 Redfern Close,Sutton Coldfield,United Kingdom,DY6 8SN,S & T Machining,708-865-8984,http://www.darreltork.com
452,Lizzie,Torregrossa,lizzie@torregrossa.com,"17, Sheepcote Street",Birmingham,United Kingdom,B79  7EJ,Salerno & Son,508-997-9846,http://www.lizzietorregrossa.com
453,Trey,Tout,trey@tout.com,17 Swinbrook  Way,Warley,United Kingdom,B3 1PP,"Breen, Sean E Esq",715-526-2421,http://www.treytout.com
455,Tami,Trybus,tami@trybus.com,77 Arden Road,Sutton Coldfield,United Kingdom,B30 2LY,"Seawright, Rodney",513-561-7531,http://www.tamitrybus.com
456,Guillermo,Tsang,guillermo@tsang.com,91 Crowther Road,Birmingham,United Kingdom,B15 1UF,"Gillis, Donald W Esq",215-949-8919,http://www.guillermotsang.com
457,George,Tukis,george@tukis.com,"17, Sheepcote Street",Birmingham,United Kingdom,DY8 3BA,Andow Personnel Services,229-924-4251,http://www.georgetukis.com
458,Nanette,Turansky,nanette@turansky.com,16 Stanhope Road,Birmingham,United Kingdom,B8 3RL,Sheraton Society Hill Hotel,610-250-4334,http://www.nanetteturansky.com
460,Janice,Twiet,janice@twiet.com,32 Stanmore Road,Birmingham,United Kingdom,B42 2TA,"Henley, Cal Pa",909-874-2594,http://www.janicetwiet.com
461,Brent,Vaidya,brent@vaidya.com,126 Durley Dean Road,Birmingham,United Kingdom,B45  9NQ,Crain Industries,203-359-6466,http://www.brentvaidya.com
462,Essie,Vaill,essie@vaill.com,"17, Sheepcote Street",Birmingham,United Kingdom,B92 8SL,Litronic Industries,907-345-1215,http://www.essievaill.com
465,Roxie,Varenhorst,roxie@varenhorst.com,"17, Sheepcote Street",Birmingham,United Kingdom,B27 7NA,Good Neighbor Real Estate,614-487-4227,http://www.roxievarenhorst.com
466,Kelli,Varrato,kelli@varrato.com,20 Oscott Road,Birmingham,United Kingdom,B16 8AE,Frances Meyer Inc,858-298-6695,http://www.kellivarrato.com
467,Floyd,Veazey,floyd@veazey.com,18 Thorn Road,Erdington,United Kingdom,TF2 9TE,Ramada Inn San Fran Arprt N,323-862-5589,http://www.floydveazey.com
468,Tori,Villaescusa,tori@villaescusa.com,94 Heaton Road,Birmingham,United Kingdom,B63 3RT,Church Point Whol Gr Co Inc,213-748-5668,http://www.torivillaescusa.com
469,Lottie,Voll,lottie@voll.com,"Flat 165A Block E2, The Heights",Birmingham,United Kingdom,B67 5BG,"Mason, Joseph G Esq",541-342-4657,http://www.lottievoll.com
470,Junior,Wadlinger,junior@wadlinger.com,7 Hindlow Close,Haringey,United Kingdom,B16 8AE,Sonos Music,330-393-6808,http://www.juniorwadlinger.com
472,Marc,Wanger,marc@wanger.com,34 Greenfield Road,Birmingham,United Kingdom,B23  5UG,Welsh Company,617-426-1114,http://www.marcwanger.com
476,Maryanne,Whyman,maryanne@whyman.com,27 Treaford Lane,Halesowen,United Kingdom,WR2 4BY,"Walls, Robert E Esq",213-748-0447,http://www.maryannewhyman.com
477,Eliseo,Wice,eliseo@wice.com,"17, Sheepcote Street",Birmjngham,United Kingdom,B14 6DE,A Limousine Service,512-458-7226,http://www.eliseowice.com
478,Cristopher,Wiget,cristopher@wiget.com,"17, Sheepcote Street",Birmingham,United Kingdom,B16 8HZ,"Roche, Patrick Esq",505-598-3063,http://www.cristopherwiget.com
479,Rodrigo,Wildrick,rodrigo@wildrick.com,"17, Sheepcote Street",Birmingham,United Kingdom,B32 2SZ,Midwest Wrecking Company Inc,727-323-5982,http://www.rodrigowildrick.com
480,Florine,Willardson,florine@willardson.com,"17, Sheepcote Street",Birmingham,United Kingdom,B30 3AX,"Lunt, Donald C Esq",503-256-8982,http://www.florinewillardson.com
482,Lucius,Winchester,lucius@winchester.com,28 Jinnah Close,Birmingham,United Kingdom,EX1 2QE,Barrett Paving Materials Inc,630-289-9033,http://www.luciuswinchester.com
486,Marisa,Woldridge,marisa@woldridge.com,13 Tennal Drive,85410 La Caillere St. Hilaire,United Kingdom,B90 2JB,"Wegner, Tim Esq",301-759-9676,http://www.marisawoldridge.com
487,Lacy,Woodfin,lacy@woodfin.com,Calshot House,Birmingham,United Kingdom,B32 1QG,Enviro Dynamics,570-348-4204,http://www.lacywoodfin.com
488,Kory,Wooldridge,kory@wooldridge.com,3 Hunts Road,Birmingham,United Kingdom,B14 6AD,Paper Stock Dealers Inc,312-753-2693,http://www.korywooldridge.com
489,Trudy,Worlds,trudy@worlds.com,"17, Sheepcote Street",Birmingham,United Kingdom,B14 4PH,"Shapiro, Mark R Esq",661-257-0924,http://www.trudyworlds.com
491,Merle,Wyrosdick,merle@wyrosdick.com,22 Redmead Close,Dudley,United Kingdom,B17 8HJ,"Keil, James J Esq",732-938-7237,http://www.merlewyrosdick.com
493,Isaac,Zackery,isaac@zackery.com,79 Coleraine Road,Moseley,United Kingdom,b32 2nz,Holiday Inn Of Issaquah,973-328-1903,http://www.isaaczackery.com
495,Jimmie,Zarzycki,jimmie@zarzycki.com,23 Croome Close,Birmingham,United Kingdom,B38 9RB,John C Auth,719-632-5612,http://www.jimmiezarzycki.com
496,Ike,Zeolla,ike@zeolla.com,"17, Sheepcote Street",Telford,United Kingdom,DY9 8JT,"Halpin, Irene A Esq",202-331-7781,http://www.ikezeolla.com
497,Malissa,Ziesemer,malissa@ziesemer.com,"Flat 35, 32 George Street",CradleyHeath,United Kingdom,WS9 OEB,Electron Rentals Inc,561-655-9129,http://www.malissaziesemer.com
498,Daniel,Zill,daniel@zill.com,Astley Cottage,Quinton,United Kingdom,B13 9HW,Safety Team Inc,818-507-1925,http://www.danielzill.com
499,Karen,Zombo,karen@zombo.com,7 Hinde Close,Sutton Coldfield,United Kingdom,B13 9TY,Healthcare Family Credit Union,813-872-8262,http://www.karenzombo.com
